id,value
0,6
1,51
2,56
3,61
4,14
5,12
6,89
7,16
8,37
9,18
10,65
11,78
12,12
13,44
14,66
15,46
16,7
17,75
18,47
19,53
20,97
21,90
22,76
23,31
24,14
25,69
26,89
27,34
28,74
29,88
30,46
31,32
32,18
33,35
34,81
35,25
36,1
37,16
38,46
39,34
40,69
41,85
42,88
43,50
44,96
45,18
46,77
47,30
48,24
49,95
50,61
51,51
52,82
53,27
54,99
55,25
56,12
57,48
58,19
59,29
60,54
61,58
62,71
63,87
64,16
65,2
66,9
67,67
68,93
69,77
70,11
71,75
72,37
73,92
74,3
75,82
76,93
77,19
78,49
79,25
80,64
81,82
82,96
83,17
84,96
85,62
86,72
87,33
88,73
89,81
90,36
91,77
92,50
93,5
94,22
95,91
96,65
97,25
98,35
99,57
100,18
101,76
102,78
103,56
104,78
105,95
106,27
107,88
108,71
109,88
110,68
111,79
112,25
113,3
114,89
115,31
116,66
117,13
118,47
119,91
120,32
121,72
122,62
123,69
124,89
125,71
126,88
127,64
128,8
129,73
130,67
131,66
132,40
133,13
134,43
135,62
136,79
137,32
138,96
139,98
140,10
141,11
142,66
143,12
144,86
145,73
146,92
147,26
148,50
149,41
150,51
151,26
152,4
153,13
154,94
155,22
156,64
157,61
158,12
159,35
160,7
161,82
162,66
163,67
164,74
165,49
166,88
167,94
168,69
169,94
170,56
171,52
172,27
173,51
174,32
175,22
176,82
177,85
178,49
179,59
180,48
181,15
182,72
183,65
184,22
185,71
186,2
187,49
188,95
189,85
190,67
191,83
192,14
193,12
194,6
195,31
196,32
197,62
198,87
199,92
200,37
201,97
202,86
203,76
204,98
205,70
206,67
207,2
208,83
209,91
210,4
211,49
212,68
213,48
214,95
215,75
216,47
217,81
218,99
219,41
220,15
221,15
222,1
223,9
224,81
225,57
226,63
227,35
228,95
229,24
230,38
231,35
232,45
233,91
234,23
235,36
236,61
237,45
238,97
239,31
240,16
241,83
242,6
243,66
244,40
245,15
246,48
247,42
248,94
249,85
250,24
251,39
252,89
253,33
254,21
255,4
256,11
257,94
258,56
259,83
260,38
261,66
262,25
263,58
264,33
265,95
266,30
267,9
268,27
269,66
270,19
271,99
272,44
273,37
274,8
275,10
276,69
277,14
278,44
279,60
280,17
281,46
282,5
283,26
284,6
285,22
286,66
287,85
288,48
289,39
290,26
291,15
292,12
293,63
294,40
295,65
296,12
297,36
298,25
299,8
300,60
301,53
302,73
303,66
304,62
305,37
306,80
307,39
308,10
309,10
310,77
311,97
312,82
313,21
314,24
315,19
316,99
317,59
318,89
319,97
320,41
321,47
322,76
323,73
324,62
325,19
326,34
327,27
328,49
329,70
330,82
331,8
332,35
333,73
334,88
335,61
336,34
337,23
338,86
339,99
340,20
341,76
342,14
343,60
344,40
345,13
346,25
347,6
348,99
349,99
350,7
351,17
352,97
353,77
354,24
355,14
356,18
357,57
358,40
359,77
360,59
361,24
362,22
363,41
364,75
365,1
366,44
367,89
368,21
369,24
370,82
371,6
372,62
373,22
374,27
375,96
376,20
377,78
378,18
379,10
380,97
381,3
382,50
383,55
384,82
385,55
386,36
387,45
388,4
389,6
390,59
391,28
392,3
393,72
394,38
395,2
396,65
397,81
398,16
399,94
400,36
401,7
402,61
403,12
404,38
405,17
406,49
407,87
408,12
409,5
410,25
411,2
412,31
413,75
414,29
415,48
416,23
417,61
418,55
419,34
420,94
421,89
422,22
423,39
424,73
425,81
426,15
427,81
428,9
429,22
430,46
431,24
432,14
433,80
434,84
435,71
436,80
437,28
438,68
439,17
440,4
441,59
442,98
443,60
444,89
445,77
446,94
447,48
448,34
449,11
450,28
451,32
452,75
453,95
454,54
455,30
456,30
457,46
458,91
459,8
460,97
461,63
462,67
463,38
464,38
465,13
466,36
467,72
468,73
469,53
470,17
471,25
472,98
473,25
474,7
475,84
476,88
477,48
478,46
479,4
480,32
481,1
482,21
483,40
484,10
485,96
486,68
487,30
488,9
489,17
490,17
491,85
492,43
493,3
494,62
495,2
496,23
497,86
498,87
499,79
500,64
501,93
502,60
503,75
504,56
505,47
506,97
507,62
508,94
509,64
510,79
511,67
512,98
513,57
514,13
515,16
516,53
517,57
518,15
519,25
520,6
521,35
522,52
523,39
524,17
525,29
526,81
527,75
528,14
529,4
530,4
531,1
532,16
533,36
534,50
535,73
536,30
537,53
538,26
539,38
540,31
541,6
542,54
543,33
544,34
545,67
546,71
547,49
548,44
549,2
550,36
551,7
552,32
553,77
554,72
555,17
556,74
557,43
558,65
559,77
560,90
561,50
562,93
563,83
564,61
565,10
566,76
567,51
568,33
569,50
570,42
571,88
572,63
573,41
574,38
575,53
576,21
577,66
578,13
579,76
580,5
581,71
582,31
583,65
584,97
585,76
586,39
587,62
588,57
589,4
590,68
591,96
592,44
593,69
594,54
595,41
596,65
597,52
598,57
599,42
600,82
601,40
602,7
603,45
604,24
605,84
606,65
607,58
608,62
609,40
610,95
611,86
612,17
613,75
614,92
615,12
616,90
617,76
618,20
619,66
620,99
621,62
622,25
623,63
624,12
625,69
626,61
627,62
628,17
629,34
630,41
631,2
632,23
633,38
634,34
635,99
636,56
637,29
638,95
639,1
640,18
641,95
642,28
643,15
644,25
645,73
646,40
647,29
648,16
649,70
650,17
651,71
652,10
653,3
654,69
655,67
656,69
657,62
658,13
659,65
660,14
661,91
662,85
663,38
664,92
665,88
666,36
667,40
668,10
669,41
670,24
671,4
672,47
673,79
674,90
675,73
676,98
677,13
678,5
679,23
680,53
681,31
682,47
683,10
684,31
685,35
686,53
687,72
688,39
689,54
690,5
691,86
692,54
693,16
694,9
695,6
696,91
697,35
698,71
699,32
700,76
701,33
702,12
703,24
704,21
705,92
706,87
707,20
708,82
709,94
710,31
711,5
712,96
713,69
714,19
715,30
716,42
717,3
718,2
719,95
720,94
721,55
722,37
723,37
724,1
725,13
726,55
727,42
728,27
729,85
730,88
731,6
732,17
733,91
734,90
735,13
736,54
737,79
738,82
739,94
740,6
741,97
742,89
743,14
744,91
745,98
746,94
747,95
748,78
749,9
750,84
751,63
752,18
753,19
754,72
755,37
756,42
757,50
758,50
759,70
760,7
761,47
762,41
763,3
764,95
765,99
766,30
767,54
768,60
769,65
770,35
771,22
772,50
773,79
774,90
775,36
776,89
777,18
778,65
779,50
780,84
781,56
782,4
783,50
784,82
785,26
786,52
787,51
788,86
789,17
790,40
791,78
792,51
793,22
794,87
795,3
796,42
797,7
798,14
799,22
800,9
801,9
802,71
803,9
804,73
805,54
806,16
807,64
808,98
809,3
810,3
811,98
812,58
813,48
814,22
815,7
816,30
817,59
818,70
819,71
820,64
821,91
822,51
823,57
824,27
825,20
826,48
827,29
828,49
829,20
830,96
831,19
832,33
833,73
834,13
835,81
836,54
837,68
838,12
839,72
840,56
841,22
842,75
843,90
844,50
845,49
846,90
847,38
848,62
849,29
850,15
851,40
852,87
853,7
854,68
855,81
856,87
857,21
858,73
859,71
860,64
861,9
862,86
863,82
864,78
865,25
866,23
867,56
868,39
869,56
870,12
871,2
872,39
873,35
874,96
875,42
876,88
877,45
878,57
879,37
880,91
881,4
882,23
883,95
884,71
885,60
886,33
887,32
888,2
889,61
890,78
891,6
892,71
893,57
894,41
895,33
896,71
897,42
898,46
899,64
900,44
901,91
902,79
903,2
904,72
905,53
906,45
907,31
908,84
909,92
910,61
911,21
912,32
913,5
914,69
915,30
916,11
917,28
918,89
919,9
920,65
921,71
922,77
923,66
924,43
925,85
926,21
927,19
928,5
929,67
930,76
931,16
932,67
933,3
934,79
935,88
936,75
937,5
938,26
939,88
940,88
941,54
942,44
943,17
944,57
945,4
946,22
947,67
948,72
949,64
950,49
951,81
952,12
953,43
954,32
955,62
956,56
957,51
958,98
959,76
960,23
961,28
962,79
963,4
964,19
965,70
966,78
967,71
968,18
969,73
970,59
971,71
972,17
973,47
974,95
975,2
976,64
977,73
978,18
979,8
980,80
981,22
982,31
983,92
984,69
985,4
986,83
987,48
988,13
989,86
990,18
991,36
992,66
993,38
994,30
995,97
996,92
997,8
998,91
999,35
1000,90
1001,68
1002,43
1003,84
1004,23
1005,27
1006,42
1007,4
1008,96
1009,25
1010,71
1011,74
1012,91
1013,27
1014,95
1015,32
1016,24
1017,55
1018,89
1019,4
1020,72
1021,71
1022,69
1023,74
1024,95
1025,25
1026,60
1027,88
1028,70
1029,39
1030,45
1031,77
1032,69
1033,77
1034,84
1035,25
1036,91
1037,92
1038,12
1039,54
1040,3
1041,19
1042,40
1043,35
1044,85
1045,68
1046,99
1047,62
1048,28
1049,9
1050,53
1051,8
1052,46
1053,64
1054,42
1055,50
1056,97
1057,3
1058,95
1059,68
1060,47
1061,92
1062,73
1063,24
1064,95
1065,4
1066,70
1067,59
1068,39
1069,48
1070,34
1071,38
1072,22
1073,6
1074,8
1075,59
1076,65
1077,81
1078,18
1079,43
1080,56
1081,67
1082,55
1083,96
1084,62
1085,81
1086,20
1087,81
1088,79
1089,10
1090,87
1091,43
1092,13
1093,82
1094,69
1095,2
1096,91
1097,31
1098,85
1099,7
1100,57
1101,6
1102,89
1103,88
1104,57
1105,22
1106,52
1107,93
1108,25
1109,34
1110,55
1111,16
1112,58
1113,45
1114,74
1115,80
1116,56
1117,52
1118,5
1119,26
1120,75
1121,78
1122,41
1123,24
1124,12
1125,97
1126,86
1127,15
1128,73
1129,17
1130,21
1131,85
1132,15
1133,22
1134,64
1135,20
1136,63
1137,81
1138,6
1139,28
1140,10
1141,51
1142,19
1143,73
1144,52
1145,30
1146,77
1147,10
1148,88
1149,84
1150,8
1151,34
1152,15
1153,51
1154,9
1155,72
1156,97
1157,47
1158,1
1159,82
1160,22
1161,37
1162,7
1163,84
1164,79
1165,2
1166,57
1167,47
1168,21
1169,77
1170,1
1171,26
1172,1
1173,97
1174,88
1175,29
1176,30
1177,70
1178,97
1179,70
1180,96
1181,5
1182,98
1183,97
1184,91
1185,36
1186,36
1187,59
1188,16
1189,89
1190,42
1191,99
1192,53
1193,86
1194,40
1195,73
1196,86
1197,45
1198,42
1199,27
1200,74
1201,42
1202,59
1203,2
1204,90
1205,77
1206,75
1207,20
1208,51
1209,11
1210,45
1211,79
1212,94
1213,90
1214,38
1215,95
1216,74
1217,77
1218,81
1219,81
1220,96
1221,12
1222,84
1223,19
1224,66
1225,96
1226,78
1227,62
1228,91
1229,20
1230,78
1231,8
1232,33
1233,23
1234,31
1235,37
1236,96
1237,3
1238,67
1239,86
1240,93
1241,65
1242,12
1243,54
1244,68
1245,14
1246,53
1247,53
1248,49
1249,97
1250,61
1251,33
1252,19
1253,38
1254,55
1255,69
1256,78
1257,99
1258,66
1259,23
1260,56
1261,29
1262,66
1263,95
1264,25
1265,50
1266,50
1267,22
1268,98
1269,5
1270,86
1271,2
1272,29
1273,26
1274,54
1275,20
1276,86
1277,67
1278,61
1279,96
1280,25
1281,29
1282,28
1283,72
1284,67
1285,63
1286,77
1287,15
1288,15
1289,35
1290,10
1291,59
1292,90
1293,63
1294,43
1295,66
1296,43
1297,51
1298,33
1299,4
1300,13
1301,34
1302,54
1303,52
1304,89
1305,5
1306,66
1307,38
1308,61
1309,21
1310,85
1311,67
1312,72
1313,42
1314,64
1315,89
1316,6
1317,18
1318,89
1319,49
1320,92
1321,52
1322,33
1323,63
1324,71
1325,74
1326,1
1327,17
1328,28
1329,57
1330,79
1331,96
1332,34
1333,78
1334,65
1335,96
1336,70
1337,3
1338,22
1339,24
1340,57
1341,13
1342,52
1343,83
1344,79
1345,85
1346,57
1347,41
1348,15
1349,59
1350,78
1351,13
1352,58
1353,41
1354,50
1355,87
1356,94
1357,39
1358,98
1359,57
1360,98
1361,43
1362,85
1363,14
1364,1
1365,84
1366,34
1367,80
1368,78
1369,13
1370,96
1371,75
1372,96
1373,30
1374,4
1375,34
1376,55
1377,41
1378,77
1379,2
1380,5
1381,39
1382,28
1383,19
1384,69
1385,17
1386,74
1387,73
1388,56
1389,41
1390,31
1391,32
1392,51
1393,82
1394,46
1395,51
1396,59
1397,32
1398,88
1399,94
1400,42
1401,65
1402,9
1403,36
1404,79
1405,21
1406,77
1407,13
1408,37
1409,93
1410,54
1411,35
1412,32
1413,84
1414,97
1415,22
1416,94
1417,70
1418,72
1419,57
1420,60
1421,60
1422,69
1423,36
1424,87
1425,68
1426,18
1427,9
1428,60
1429,11
1430,74
1431,93
1432,82
1433,75
1434,53
1435,54
1436,95
1437,53
1438,50
1439,1
1440,4
1441,5
1442,16
1443,63
1444,91
1445,14
1446,76
1447,84
1448,19
1449,98
1450,19
1451,56
1452,16
1453,97
1454,58
1455,94
1456,23
1457,49
1458,4
1459,99
1460,77
1461,23
1462,54
1463,5
1464,51
1465,91
1466,84
1467,38
1468,72
1469,96
1470,38
1471,95
1472,63
1473,95
1474,93
1475,49
1476,42
1477,79
1478,69
1479,33
1480,17
1481,6
1482,81
1483,45
1484,22
1485,30
1486,20
1487,67
1488,17
1489,33
1490,92
1491,71
1492,59
1493,88
1494,95
1495,9
1496,24
1497,78
1498,26
1499,26
1500,12
1501,71
1502,41
1503,32
1504,16
1505,24
1506,52
1507,33
1508,83
1509,47
1510,60
1511,29
1512,7
1513,83
1514,99
1515,19
1516,40
1517,8
1518,70
1519,29
1520,21
1521,89
1522,61
1523,68
1524,6
1525,97
1526,71
1527,36
1528,57
1529,46
1530,90
1531,91
1532,91
1533,37
1534,16
1535,88
1536,17
1537,37
1538,67
1539,43
1540,1
1541,35
1542,8
1543,4
1544,19
1545,93
1546,17
1547,41
1548,63
1549,85
1550,92
1551,86
1552,96
1553,61
1554,95
1555,3
1556,57
1557,19
1558,6
1559,47
1560,59
1561,40
1562,75
1563,95
1564,66
1565,43
1566,76
1567,58
1568,31
1569,30
1570,77
1571,83
1572,62
1573,18
1574,91
1575,72
1576,95
1577,3
1578,64
1579,25
1580,49
1581,18
1582,1
1583,16
1584,9
1585,23
1586,24
1587,28
1588,63
1589,79
1590,68
1591,21
1592,84
1593,91
1594,5
1595,5
1596,5
1597,77
1598,54
1599,79
1600,45
1601,26
1602,45
1603,7
1604,20
1605,47
1606,30
1607,75
1608,57
1609,22
1610,96
1611,63
1612,74
1613,11
1614,58
1615,36
1616,7
1617,98
1618,72
1619,44
1620,87
1621,80
1622,61
1623,79
1624,82
1625,12
1626,13
1627,89
1628,80
1629,65
1630,20
1631,1
1632,15
1633,48
1634,55
1635,63
1636,67
1637,91
1638,81
1639,87
1640,91
1641,48
1642,30
1643,30
1644,32
1645,20
1646,89
1647,50
1648,60
1649,89
1650,62
1651,32
1652,62
1653,91
1654,61
1655,81
1656,20
1657,57
1658,77
1659,11
1660,66
1661,66
1662,15
1663,48
1664,82
1665,68
1666,31
1667,4
1668,79
1669,39
1670,73
1671,90
1672,2
1673,5
1674,90
1675,29
1676,35
1677,24
1678,25
1679,6
1680,93
1681,31
1682,61
1683,97
1684,14
1685,62
1686,95
1687,25
1688,30
1689,35
1690,81
1691,2
1692,76
1693,94
1694,58
1695,54
1696,13
1697,89
1698,33
1699,51
1700,20
1701,77
1702,94
1703,94
1704,85
1705,39
1706,7
1707,34
1708,29
1709,95
1710,42
1711,12
1712,13
1713,56
1714,38
1715,33
1716,82
1717,10
1718,69
1719,91
1720,82
1721,48
1722,62
1723,6
1724,4
1725,80
1726,8
1727,13
1728,77
1729,36
1730,27
1731,61
1732,30
1733,36
1734,96
1735,58
1736,63
1737,38
1738,28
1739,81
1740,65
1741,3
1742,1
1743,28
1744,33
1745,63
1746,11
1747,87
1748,46
1749,71
1750,1
1751,9
1752,5
1753,6
1754,94
1755,8
1756,97
1757,60
1758,2
1759,62
1760,68
1761,41
1762,57
1763,43
1764,37
1765,20
1766,26
1767,56
1768,24
1769,24
1770,87
1771,76
1772,42
1773,69
1774,98
1775,99
1776,85
1777,90
1778,76
1779,97
1780,32
1781,31
1782,39
1783,13
1784,61
1785,22
1786,13
1787,21
1788,86
1789,56
1790,10
1791,96
1792,95
1793,33
1794,49
1795,32
1796,94
1797,28
1798,6
1799,7
1800,66
1801,50
1802,6
1803,60
1804,77
1805,20
1806,56
1807,71
1808,31
1809,63
1810,74
1811,63
1812,65
1813,94
1814,31
1815,78
1816,80
1817,15
1818,82
1819,28
1820,98
1821,19
1822,15
1823,89
1824,2
1825,78
1826,97
1827,30
1828,47
1829,48
1830,18
1831,61
1832,8
1833,15
1834,39
1835,85
1836,94
1837,5
1838,98
1839,83
1840,50
1841,29
1842,14
1843,24
1844,78
1845,68
1846,78
1847,15
1848,85
1849,81
1850,93
1851,67
1852,32
1853,46
1854,30
1855,72
1856,55
1857,12
1858,43
1859,47
1860,65
1861,6
1862,33
1863,20
1864,87
1865,18
1866,38
1867,30
1868,20
1869,96
1870,18
1871,77
1872,28
1873,34
1874,48
1875,35
1876,92
1877,28
1878,68
1879,5
1880,70
1881,53
1882,93
1883,24
1884,90
1885,73
1886,39
1887,31
1888,48
1889,57
1890,22
1891,57
1892,60
1893,6
1894,97
1895,15
1896,48
1897,41
1898,89
1899,25
1900,19
1901,65
1902,48
1903,66
1904,47
1905,32
1906,51
1907,90
1908,89
1909,67
1910,44
1911,42
1912,84
1913,55
1914,39
1915,59
1916,72
1917,19
1918,30
1919,58
1920,26
1921,96
1922,65
1923,67
1924,97
1925,85
1926,52
1927,63
1928,4
1929,13
1930,45
1931,32
1932,55
1933,99
1934,51
1935,53
1936,19
1937,15
1938,31
1939,81
1940,34
1941,81
1942,82
1943,17
1944,85
1945,26
1946,34
1947,27
1948,95
1949,99
1950,68
1951,70
1952,80
1953,9
1954,73
1955,66
1956,11
1957,44
1958,32
1959,70
1960,6
1961,5
1962,15
1963,4
1964,71
1965,9
1966,92
1967,18
1968,31
1969,7
1970,93
1971,10
1972,28
1973,70
1974,42
1975,62
1976,58
1977,23
1978,55
1979,32
1980,29
1981,21
1982,75
1983,50
1984,19
1985,52
1986,4
1987,70
1988,27
1989,88
1990,1
1991,6
1992,6
1993,13
1994,94
1995,62
1996,65
1997,60
1998,18
1999,36
2000,18
2001,45
2002,15
2003,93
2004,16
2005,29
2006,99
2007,2
2008,67
2009,51
2010,88
2011,60
2012,87
2013,42
2014,28
2015,50
2016,28
2017,40
2018,82
2019,5
2020,36
2021,73
2022,7
2023,87
2024,73
2025,86
2026,33
2027,82
2028,29
2029,4
2030,41
2031,55
2032,2
2033,46
2034,80
2035,40
2036,60
2037,88
2038,69
2039,61
2040,33
2041,49
2042,35
2043,8
2044,32
2045,68
2046,40
2047,76
2048,51
2049,97
2050,6
2051,8
2052,20
2053,1
2054,60
2055,48
2056,68
2057,12
2058,21
2059,41
2060,27
2061,81
2062,11
2063,39
2064,72
2065,27
2066,71
2067,39
2068,1
2069,12
2070,22
2071,49
2072,10
2073,48
2074,92
2075,6
2076,73
2077,44
2078,56
2079,59
2080,76
2081,14
2082,38
2083,39
2084,24
2085,55
2086,94
2087,17
2088,88
2089,78
2090,69
2091,35
2092,65
2093,33
2094,47
2095,81
2096,71
2097,27
2098,18
2099,79
2100,39
2101,85
2102,27
2103,55
2104,97
2105,68
2106,72
2107,63
2108,77
2109,83
2110,86
2111,91
2112,50
2113,50
2114,6
2115,9
2116,85
2117,11
2118,37
2119,61
2120,63
2121,66
2122,87
2123,21
2124,8
2125,76
2126,36
2127,70
2128,61
2129,94
2130,56
2131,25
2132,12
2133,7
2134,29
2135,71
2136,90
2137,75
2138,22
2139,91
2140,23
2141,3
2142,70
2143,10
2144,21
2145,86
2146,59
2147,63
2148,57
2149,43
2150,11
2151,40
2152,37
2153,28
2154,3
2155,96
2156,90
2157,20
2158,98
2159,55
2160,69
2161,75
2162,91
2163,89
2164,30
2165,59
2166,90
2167,41
2168,61
2169,75
2170,31
2171,3
2172,32
2173,69
2174,68
2175,82
2176,81
2177,66
2178,13
2179,24
2180,3
2181,83
2182,16
2183,68
2184,96
2185,91
2186,33
2187,72
2188,96
2189,62
2190,80
2191,6
2192,50
2193,3
2194,16
2195,13
2196,70
2197,11
2198,57
2199,36
2200,34
2201,76
2202,24
2203,42
2204,71
2205,29
2206,18
2207,28
2208,41
2209,49
2210,62
2211,12
2212,8
2213,65
2214,32
2215,62
2216,8
2217,88
2218,73
2219,91
2220,66
2221,31
2222,96
2223,60
2224,30
2225,82
2226,78
2227,98
2228,66
2229,20
2230,13
2231,75
2232,67
2233,46
2234,32
2235,30
2236,61
2237,53
2238,72
2239,69
2240,26
2241,40
2242,87
2243,8
2244,4
2245,55
2246,94
2247,8
2248,86
2249,59
2250,10
2251,17
2252,86
2253,77
2254,85
2255,12
2256,14
2257,1
2258,80
2259,80
2260,47
2261,88
2262,2
2263,17
2264,85
2265,27
2266,71
2267,12
2268,82
2269,84
2270,6
2271,68
2272,2
2273,6
2274,83
2275,60
2276,55
2277,11
2278,97
2279,61
2280,79
2281,95
2282,51
2283,95
2284,38
2285,99
2286,18
2287,21
2288,32
2289,59
2290,38
2291,13
2292,55
2293,53
2294,44
2295,28
2296,42
2297,79
2298,34
2299,34
2300,83
2301,77
2302,50
2303,85
2304,94
2305,43
2306,96
2307,42
2308,1
2309,39
2310,68
2311,59
2312,81
2313,37
2314,23
2315,86
2316,60
2317,85
2318,75
2319,10
2320,45
2321,8
2322,37
2323,57
2324,96
2325,74
2326,14
2327,39
2328,50
2329,7
2330,61
2331,37
2332,60
2333,8
2334,59
2335,96
2336,39
2337,47
2338,15
2339,41
2340,48
2341,97
2342,52
2343,37
2344,1
2345,55
2346,29
2347,63
2348,48
2349,1
2350,24
2351,2
2352,90
2353,69
2354,55
2355,93
2356,31
2357,73
2358,86
2359,16
2360,69
2361,89
2362,25
2363,61
2364,48
2365,31
2366,79
2367,23
2368,57
2369,79
2370,78
2371,27
2372,24
2373,76
2374,52
2375,79
2376,5
2377,70
2378,47
2379,22
2380,37
2381,24
2382,52
2383,7
2384,84
2385,79
2386,15
2387,28
2388,9
2389,72
2390,58
2391,87
2392,24
2393,97
2394,67
2395,82
2396,54
2397,90
2398,11
2399,2
2400,23
2401,24
2402,71
2403,64
2404,81
2405,96
2406,17
2407,22
2408,37
2409,21
2410,59
2411,89
2412,97
2413,14
2414,55
2415,42
2416,88
2417,15
2418,85
2419,15
2420,62
2421,1
2422,30
2423,75
2424,58
2425,85
2426,84
2427,90
2428,79
2429,95
2430,35
2431,82
2432,5
2433,24
2434,56
2435,18
2436,67
2437,46
2438,21
2439,85
2440,57
2441,79
2442,11
2443,72
2444,72
2445,56
2446,57
2447,56
2448,97
2449,48
2450,51
2451,64
2452,53
2453,27
2454,16
2455,66
2456,50
2457,79
2458,6
2459,54
2460,48
2461,55
2462,69
2463,34
2464,7
2465,54
2466,15
2467,23
2468,50
2469,66
2470,74
2471,59
2472,37
2473,44
2474,40
2475,88
2476,35
2477,6
2478,55
2479,77
2480,53
2481,47
2482,19
2483,92
2484,39
2485,90
2486,32
2487,72
2488,41
2489,62
2490,91
2491,98
2492,2
2493,78
2494,34
2495,34
2496,71
2497,58
2498,43
2499,69
2500,16
2501,82
2502,92
2503,74
2504,12
2505,26
2506,48
2507,11
2508,7
2509,85
2510,47
2511,62
2512,22
2513,75
2514,8
2515,4
2516,97
2517,19
2518,23
2519,39
2520,69
2521,12
2522,3
2523,7
2524,95
2525,53
2526,76
2527,84
2528,82
2529,55
2530,35
2531,66
2532,82
2533,18
2534,15
2535,83
2536,20
2537,40
2538,29
2539,70
2540,21
2541,41
2542,27
2543,78
2544,82
2545,65
2546,38
2547,72
2548,77
2549,84
2550,70
2551,30
2552,66
2553,38
2554,15
2555,65
2556,31
2557,69
2558,85
2559,53
2560,88
2561,57
2562,18
2563,66
2564,23
2565,4
2566,98
2567,90
2568,60
2569,21
2570,4
2571,31
2572,70
2573,17
2574,23
2575,86
2576,7
2577,93
2578,49
2579,78
2580,87
2581,43
2582,87
2583,62
2584,18
2585,1
2586,78
2587,61
2588,54
2589,3
2590,68
2591,61
2592,13
2593,57
2594,49
2595,6
2596,59
2597,99
2598,75
2599,49
2600,99
2601,87
2602,32
2603,49
2604,86
2605,84
2606,78
2607,29
2608,44
2609,56
2610,4
2611,90
2612,83
2613,87
2614,87
2615,56
2616,86
2617,13
2618,21
2619,73
2620,98
2621,31
2622,33
2623,69
2624,54
2625,19
2626,90
2627,29
2628,67
2629,46
2630,11
2631,61
2632,6
2633,40
2634,29
2635,96
2636,74
2637,65
2638,47
2639,43
2640,68
2641,85
2642,43
2643,87
2644,70
2645,30
2646,12
2647,45
2648,58
2649,72
2650,83
2651,30
2652,65
2653,62
2654,5
2655,26
2656,43
2657,88
2658,14
2659,79
2660,54
2661,73
2662,11
2663,9
2664,76
2665,13
2666,27
2667,24
2668,43
2669,30
2670,96
2671,74
2672,58
2673,19
2674,27
2675,46
2676,12
2677,98
2678,39
2679,53
2680,22
2681,60
2682,26
2683,68
2684,18
2685,30
2686,41
2687,61
2688,73
2689,43
2690,7
2691,23
2692,96
2693,59
2694,86
2695,28
2696,40
2697,80
2698,79
2699,32
2700,42
2701,20
2702,34
2703,28
2704,47
2705,59
2706,21
2707,36
2708,20
2709,4
2710,24
2711,23
2712,11
2713,78
2714,68
2715,93
2716,77
2717,99
2718,86
2719,84
2720,37
2721,38
2722,98
2723,91
2724,48
2725,33
2726,96
2727,19
2728,27
2729,26
2730,23
2731,24
2732,22
2733,56
2734,80
2735,80
2736,97
2737,92
2738,83
2739,69
2740,83
2741,47
2742,19
2743,31
2744,68
2745,12
2746,46
2747,37
2748,14
2749,7
2750,69
2751,58
2752,77
2753,42
2754,20
2755,14
2756,66
2757,40
2758,43
2759,29
2760,19
2761,34
2762,87
2763,5
2764,11
2765,43
2766,60
2767,51
2768,93
2769,77
2770,35
2771,60
2772,81
2773,22
2774,63
2775,53
2776,67
2777,82
2778,81
2779,34
2780,40
2781,86
2782,98
2783,92
2784,84
2785,82
2786,47
2787,98
2788,83
2789,32
2790,89
2791,78
2792,62
2793,83
2794,35
2795,7
2796,32
2797,7
2798,67
2799,56
2800,50
2801,52
2802,99
2803,31
2804,84
2805,51
2806,50
2807,28
2808,94
2809,15
2810,7
2811,39
2812,43
2813,49
2814,10
2815,83
2816,97
2817,9
2818,95
2819,58
2820,61
2821,28
2822,11
2823,86
2824,26
2825,36
2826,44
2827,65
2828,39
2829,86
2830,58
2831,57
2832,79
2833,83
2834,21
2835,69
2836,94
2837,58
2838,6
2839,85
2840,2
2841,55
2842,42
2843,50
2844,1
2845,22
2846,48
2847,26
2848,92
2849,42
2850,20
2851,65
2852,35
2853,20
2854,37
2855,82
2856,1
2857,7
2858,96
2859,90
2860,42
2861,4
2862,13
2863,79
2864,9
2865,32
2866,28
2867,39
2868,56
2869,71
2870,46
2871,55
2872,50
2873,5
2874,91
2875,55
2876,6
2877,64
2878,13
2879,61
2880,21
2881,16
2882,13
2883,5
2884,18
2885,86
2886,30
2887,18
2888,35
2889,88
2890,90
2891,2
2892,2
2893,36
2894,55
2895,38
2896,92
2897,47
2898,26
2899,57
2900,96
2901,79
2902,52
2903,4
2904,81
2905,51
2906,4
2907,86
2908,36
2909,23
2910,46
2911,97
2912,41
2913,54
2914,35
2915,19
2916,92
2917,94
2918,82
2919,16
2920,82
2921,15
2922,87
2923,66
2924,33
2925,13
2926,99
2927,35
2928,81
2929,26
2930,55
2931,32
2932,49
2933,92
2934,32
2935,91
2936,49
2937,2
2938,66
2939,68
2940,10
2941,16
2942,86
2943,99
2944,26
2945,68
2946,27
2947,2
2948,94
2949,76
2950,69
2951,63
2952,74
2953,4
2954,43
2955,24
2956,23
2957,72
2958,84
2959,21
2960,56
2961,16
2962,71
2963,38
2964,44
2965,32
2966,57
2967,42
2968,78
2969,70
2970,42
2971,64
2972,47
2973,54
2974,10
2975,82
2976,4
2977,53
2978,11
2979,68
2980,62
2981,94
2982,78
2983,79
2984,43
2985,67
2986,9
2987,52
2988,91
2989,95
2990,89
2991,28
2992,79
2993,58
2994,49
2995,78
2996,92
2997,18
2998,94
2999,61
3000,19
3001,56
3002,98
3003,19
3004,49
3005,11
3006,74
3007,19
3008,93
3009,67
3010,59
3011,23
3012,24
3013,44
3014,62
3015,16
3016,97
3017,80
3018,34
3019,79
3020,90
3021,45
3022,64
3023,30
3024,44
3025,90
3026,18
3027,57
3028,67
3029,1
3030,87
3031,38
3032,24
3033,80
3034,84
3035,32
3036,33
3037,88
3038,68
3039,46
3040,12
3041,29
3042,39
3043,58
3044,59
3045,20
3046,41
3047,54
3048,12
3049,30
3050,32
3051,66
3052,23
3053,34
3054,3
3055,95
3056,32
3057,73
3058,18
3059,9
3060,43
3061,59
3062,47
3063,81
3064,46
3065,77
3066,39
3067,78
3068,83
3069,77
3070,86
3071,47
3072,87
3073,2
3074,96
3075,8
3076,67
3077,7
3078,38
3079,76
3080,23
3081,72
3082,47
3083,13
3084,46
3085,40
3086,18
3087,54
3088,63
3089,65
3090,70
3091,13
3092,87
3093,18
3094,74
3095,89
3096,28
3097,82
3098,63
3099,46
3100,93
3101,71
3102,40
3103,71
3104,53
3105,16
3106,58
3107,89
3108,64
3109,47
3110,64
3111,99
3112,71
3113,30
3114,80
3115,25
3116,72
3117,48
3118,52
3119,51
3120,29
3121,42
3122,97
3123,93
3124,27
3125,17
3126,25
3127,12
3128,83
3129,93
3130,15
3131,62
3132,86
3133,36
3134,29
3135,29
3136,25
3137,26
3138,49
3139,55
3140,83
3141,91
3142,36
3143,52
3144,96
3145,1
3146,79
3147,47
3148,11
3149,82
3150,6
3151,25
3152,90
3153,30
3154,60
3155,29
3156,12
3157,12
3158,15
3159,25
3160,12
3161,41
3162,48
3163,46
3164,92
3165,46
3166,60
3167,93
3168,14
3169,56
3170,49
3171,79
3172,34
3173,21
3174,18
3175,97
3176,59
3177,39
3178,52
3179,40
3180,85
3181,81
3182,72
3183,35
3184,7
3185,74
3186,18
3187,91
3188,20
3189,12
3190,41
3191,92
3192,80
3193,59
3194,80
3195,65
3196,6
3197,55
3198,75
3199,87
3200,37
3201,14
3202,98
3203,61
3204,90
3205,59
3206,71
3207,9
3208,21
3209,46
3210,10
3211,10
3212,39
3213,16
3214,91
3215,21
3216,87
3217,1
3218,48
3219,93
3220,74
3221,90
3222,95
3223,18
3224,71
3225,8
3226,48
3227,96
3228,94
3229,17
3230,80
3231,24
3232,33
3233,34
3234,11
3235,55
3236,11
3237,16
3238,34
3239,62
3240,37
3241,72
3242,62
3243,65
3244,27
3245,75
3246,28
3247,83
3248,65
3249,99
3250,58
3251,52
3252,8
3253,8
3254,38
3255,93
3256,66
3257,2
3258,41
3259,45
3260,53
3261,36
3262,90
3263,42
3264,36
3265,53
3266,60
3267,10
3268,34
3269,77
3270,83
3271,38
3272,97
3273,74
3274,8
3275,39
3276,42
3277,43
3278,73
3279,87
3280,46
3281,42
3282,50
3283,85
3284,73
3285,57
3286,48
3287,51
3288,11
3289,4
3290,55
3291,9
3292,62
3293,88
3294,65
3295,23
3296,35
3297,4
3298,75
3299,24
3300,2
3301,61
3302,34
3303,61
3304,18
3305,1
3306,41
3307,93
3308,17
3309,88
3310,25
3311,94
3312,63
3313,27
3314,68
3315,53
3316,90
3317,18
3318,3
3319,20
3320,52
3321,4
3322,22
3323,10
3324,93
3325,36
3326,27
3327,46
3328,84
3329,32
3330,23
3331,69
3332,16
3333,94
3334,22
3335,97
3336,41
3337,55
3338,84
3339,13
3340,84
3341,13
3342,26
3343,26
3344,46
3345,95
3346,48
3347,96
3348,28
3349,92
3350,8
3351,19
3352,21
3353,38
3354,58
3355,85
3356,58
3357,66
3358,92
3359,88
3360,23
3361,59
3362,72
3363,16
3364,22
3365,1
3366,77
3367,16
3368,14
3369,88
3370,37
3371,75
3372,28
3373,78
3374,5
3375,51
3376,48
3377,50
3378,99
3379,98
3380,89
3381,94
3382,36
3383,75
3384,36
3385,36
3386,24
3387,88
3388,33
3389,44
3390,75
3391,50
3392,46
3393,16
3394,34
3395,23
3396,91
3397,65
3398,39
3399,88
3400,30
3401,21
3402,10
3403,55
3404,38
3405,54
3406,10
3407,53
3408,82
3409,80
3410,36
3411,19
3412,58
3413,17
3414,97
3415,84
3416,38
3417,47
3418,74
3419,46
3420,73
3421,94
3422,41
3423,26
3424,39
3425,68
3426,54
3427,43
3428,90
3429,4
3430,11
3431,10
3432,77
3433,90
3434,16
3435,11
3436,95
3437,81
3438,35
3439,90
3440,96
3441,83
3442,5
3443,70
3444,75
3445,26
3446,6
3447,95
3448,54
3449,69
3450,3
3451,5
3452,83
3453,41
3454,35
3455,25
3456,67
3457,93
3458,72
3459,44
3460,59
3461,81
3462,90
3463,56
3464,46
3465,70
3466,5
3467,49
3468,44
3469,89
3470,90
3471,29
3472,62
3473,45
3474,49
3475,96
3476,72
3477,73
3478,5
3479,59
3480,14
3481,17
3482,18
3483,46
3484,63
3485,34
3486,18
3487,6
3488,55
3489,16
3490,46
3491,1
3492,53
3493,47
3494,59
3495,43
3496,65
3497,11
3498,20
3499,41
3500,42
3501,89
3502,91
3503,13
3504,17
3505,88
3506,32
3507,57
3508,61
3509,7
3510,93
3511,18
3512,31
3513,71
3514,94
3515,89
3516,81
3517,64
3518,39
3519,39
3520,22
3521,96
3522,82
3523,72
3524,35
3525,91
3526,72
3527,21
3528,50
3529,41
3530,69
3531,33
3532,24
3533,84
3534,55
3535,81
3536,29
3537,20
3538,50
3539,12
3540,46
3541,15
3542,26
3543,42
3544,60
3545,93
3546,90
3547,48
3548,74
3549,43
3550,4
3551,30
3552,52
3553,50
3554,58
3555,55
3556,70
3557,71
3558,13
3559,78
3560,24
3561,54
3562,36
3563,84
3564,64
3565,79
3566,63
3567,85
3568,35
3569,89
3570,92
3571,66
3572,91
3573,2
3574,40
3575,65
3576,56
3577,47
3578,75
3579,53
3580,30
3581,90
3582,66
3583,78
3584,26
3585,17
3586,6
3587,29
3588,51
3589,44
3590,29
3591,75
3592,94
3593,30
3594,65
3595,40
3596,24
3597,98
3598,35
3599,45
3600,81
3601,28
3602,57
3603,2
3604,91
3605,4
3606,31
3607,38
3608,26
3609,38
3610,76
3611,73
3612,20
3613,80
3614,98
3615,87
3616,59
3617,40
3618,97
3619,55
3620,63
3621,99
3622,81
3623,24
3624,72
3625,49
3626,24
3627,50
3628,91
3629,32
3630,46
3631,63
3632,93
3633,39
3634,41
3635,92
3636,81
3637,8
3638,79
3639,65
3640,27
3641,34
3642,1
3643,80
3644,32
3645,23
3646,35
3647,64
3648,95
3649,99
3650,92
3651,31
3652,93
3653,98
3654,89
3655,83
3656,29
3657,79
3658,96
3659,87
3660,65
3661,39
3662,12
3663,39
3664,38
3665,92
3666,94
3667,90
3668,44
3669,89
3670,47
3671,53
3672,82
3673,41
3674,97
3675,63
3676,50
3677,66
3678,59
3679,81
3680,7
3681,94
3682,18
3683,51
3684,47
3685,52
3686,4
3687,34
3688,18
3689,17
3690,17
3691,41
3692,3
3693,89
3694,83
3695,40
3696,89
3697,58
3698,66
3699,77
3700,24
3701,47
3702,75
3703,81
3704,63
3705,82
3706,28
3707,64
3708,30
3709,2
3710,27
3711,2
3712,5
3713,92
3714,29
3715,90
3716,57
3717,88
3718,79
3719,23
3720,83
3721,5
3722,95
3723,22
3724,6
3725,12
3726,17
3727,66
3728,67
3729,38
3730,21
3731,72
3732,31
3733,13
3734,11
3735,52
3736,20
3737,8
3738,83
3739,74
3740,22
3741,20
3742,59
3743,94
3744,50
3745,10
3746,6
3747,24
3748,5
3749,99
3750,52
3751,44
3752,75
3753,67
3754,41
3755,28
3756,77
3757,70
3758,91
3759,30
3760,99
3761,30
3762,55
3763,46
3764,65
3765,42
3766,99
3767,12
3768,21
3769,52
3770,9
3771,49
3772,18
3773,71
3774,21
3775,80
3776,61
3777,45
3778,83
3779,67
3780,83
3781,11
3782,85
3783,33
3784,89
3785,78
3786,82
3787,60
3788,11
3789,3
3790,8
3791,22
3792,95
3793,75
3794,75
3795,36
3796,39
3797,76
3798,31
3799,52
3800,93
3801,80
3802,65
3803,54
3804,29
3805,17
3806,83
3807,97
3808,1
3809,81
3810,10
3811,62
3812,13
3813,98
3814,21
3815,85
3816,39
3817,6
3818,85
3819,66
3820,71
3821,68
3822,81
3823,43
3824,26
3825,16
3826,5
3827,22
3828,17
3829,91
3830,32
3831,24
3832,72
3833,87
3834,20
3835,28
3836,9
3837,13
3838,98
3839,94
3840,30
3841,96
3842,69
3843,74
3844,54
3845,44
3846,99
3847,93
3848,44
3849,87
3850,6
3851,11
3852,22
3853,40
3854,39
3855,59
3856,42
3857,23
3858,58
3859,71
3860,97
3861,84
3862,97
3863,84
3864,58
3865,92
3866,51
3867,32
3868,39
3869,2
3870,33
3871,11
3872,74
3873,68
3874,9
3875,16
3876,75
3877,99
3878,93
3879,32
3880,37
3881,70
3882,23
3883,32
3884,79
3885,27
3886,71
3887,23
3888,3
3889,3
3890,36
3891,39
3892,9
3893,73
3894,72
3895,7
3896,41
3897,72
3898,86
3899,29
3900,22
3901,92
3902,71
3903,34
3904,43
3905,5
3906,20
3907,47
3908,25
3909,46
3910,69
3911,45
3912,57
3913,15
3914,76
3915,1
3916,1
3917,9
3918,78
3919,94
3920,54
3921,35
3922,22
3923,92
3924,18
3925,85
3926,28
3927,64
3928,93
3929,17
3930,40
3931,15
3932,26
3933,61
3934,58
3935,63
3936,58
3937,21
3938,6
3939,29
3940,91
3941,18
3942,65
3943,55
3944,95
3945,19
3946,60
3947,14
3948,85
3949,69
3950,63
3951,65
3952,57
3953,87
3954,78
3955,30
3956,40
3957,72
3958,9
3959,26
3960,28
3961,42
3962,66
3963,74
3964,1
3965,71
3966,26
3967,17
3968,30
3969,38
3970,77
3971,6
3972,14
3973,91
3974,9
3975,44
3976,41
3977,4
3978,79
3979,17
3980,26
3981,66
3982,80
3983,29
3984,55
3985,60
3986,64
3987,40
3988,56
3989,90
3990,71
3991,74
3992,34
3993,29
3994,65
3995,9
3996,69
3997,36
3998,3
3999,71
4000,15
4001,13
4002,71
4003,81
4004,91
4005,21
4006,44
4007,42
4008,14
4009,45
4010,83
4011,63
4012,25
4013,37
4014,89
4015,27
4016,14
4017,6
4018,35
4019,34
4020,77
4021,52
4022,58
4023,20
4024,95
4025,97
4026,30
4027,39
4028,67
4029,93
4030,43
4031,47
4032,71
4033,21
4034,35
4035,21
4036,8
4037,89
4038,28
4039,15
4040,56
4041,89
4042,49
4043,91
4044,25
4045,9
4046,15
4047,5
4048,84
4049,97
4050,16
4051,30
4052,67
4053,79
4054,84
4055,87
4056,47
4057,36
4058,80
4059,59
4060,13
4061,11
4062,86
4063,62
4064,80
4065,82
4066,85
4067,43
4068,32
4069,49
4070,31
4071,88
4072,36
4073,78
4074,91
4075,9
4076,85
4077,27
4078,65
4079,13
4080,75
4081,74
4082,80
4083,62
4084,89
4085,67
4086,40
4087,81
4088,53
4089,93
4090,17
4091,7
4092,75
4093,64
4094,5
4095,33
4096,24
4097,55
4098,80
4099,20
4100,24
4101,78
4102,42
4103,36
4104,36
4105,29
4106,48
4107,29
4108,70
4109,73
4110,20
4111,31
4112,47
4113,13
4114,65
4115,85
4116,37
4117,87
4118,49
4119,47
4120,53
4121,96
4122,6
4123,64
4124,8
4125,46
4126,3
4127,15
4128,75
4129,3
4130,33
4131,94
4132,33
4133,71
4134,22
4135,2
4136,96
4137,84
4138,55
4139,53
4140,86
4141,97
4142,94
4143,22
4144,36
4145,71
4146,87
4147,95
4148,94
4149,45
4150,51
4151,12
4152,28
4153,4
4154,28
4155,85
4156,1
4157,70
4158,96
4159,31
4160,94
4161,91
4162,8
4163,31
4164,21
4165,20
4166,71
4167,48
4168,1
4169,64
4170,11
4171,78
4172,34
4173,8
4174,16
4175,51
4176,70
4177,44
4178,83
4179,41
4180,86
4181,16
4182,86
4183,97
4184,88
4185,31
4186,31
4187,74
4188,94
4189,47
4190,51
4191,90
4192,95
4193,65
4194,79
4195,68
4196,6
4197,8
4198,33
4199,79
4200,65
4201,8
4202,51
4203,23
4204,52
4205,68
4206,74
4207,37
4208,22
4209,74
4210,70
4211,87
4212,44
4213,31
4214,69
4215,27
4216,11
4217,71
4218,41
4219,53
4220,33
4221,88
4222,28
4223,14
4224,96
4225,81
4226,30
4227,93
4228,90
4229,74
4230,72
4231,9
4232,10
4233,71
4234,38
4235,66
4236,79
4237,87
4238,17
4239,58
4240,37
4241,48
4242,85
4243,23
4244,89
4245,16
4246,87
4247,81
4248,60
4249,63
4250,5
4251,27
4252,23
4253,13
4254,20
4255,23
4256,42
4257,38
4258,6
4259,25
4260,50
4261,91
4262,44
4263,27
4264,71
4265,44
4266,93
4267,10
4268,45
4269,62
4270,78
4271,36
4272,61
4273,52
4274,16
4275,15
4276,82
4277,77
4278,43
4279,58
4280,6
4281,16
4282,96
4283,64
4284,24
4285,38
4286,17
4287,46
4288,89
4289,75
4290,32
4291,16
4292,71
4293,29
4294,17
4295,18
4296,91
4297,92
4298,14
4299,48
4300,7
4301,52
4302,76
4303,19
4304,22
4305,76
4306,35
4307,86
4308,84
4309,33
4310,47
4311,96
4312,94
4313,91
4314,90
4315,24
4316,51
4317,77
4318,46
4319,54
4320,70
4321,74
4322,69
4323,7
4324,55
4325,51
4326,1
4327,12
4328,44
4329,20
4330,74
4331,1
4332,58
4333,30
4334,31
4335,85
4336,46
4337,30
4338,72
4339,69
4340,52
4341,58
4342,41
4343,42
4344,95
4345,88
4346,82
4347,95
4348,86
4349,84
4350,33
4351,81
4352,54
4353,93
4354,54
4355,71
4356,27
4357,29
4358,81
4359,85
4360,74
4361,47
4362,56
4363,58
4364,76
4365,75
4366,86
4367,47
4368,13
4369,70
4370,35
4371,86
4372,68
4373,69
4374,41
4375,37
4376,42
4377,63
4378,54
4379,57
4380,3
4381,74
4382,84
4383,19
4384,76
4385,36
4386,58
4387,19
4388,49
4389,95
4390,36
4391,37
4392,41
4393,73
4394,59
4395,59
4396,88
4397,58
4398,86
4399,87
4400,95
4401,72
4402,41
4403,38
4404,45
4405,54
4406,87
4407,10
4408,46
4409,51
4410,31
4411,3
4412,69
4413,85
4414,86
4415,41
4416,67
4417,4
4418,69
4419,71
4420,86
4421,81
4422,63
4423,36
4424,25
4425,99
4426,49
4427,78
4428,50
4429,12
4430,91
4431,96
4432,15
4433,23
4434,29
4435,49
4436,98
4437,69
4438,61
4439,86
4440,35
4441,99
4442,14
4443,54
4444,69
4445,75
4446,64
4447,73
4448,13
4449,79
4450,28
4451,23
4452,53
4453,6
4454,68
4455,69
4456,13
4457,52
4458,55
4459,98
4460,46
4461,66
4462,92
4463,93
4464,8
4465,55
4466,58
4467,66
4468,18
4469,94
4470,74
4471,40
4472,34
4473,73
4474,9
4475,98
4476,79
4477,2
4478,43
4479,21
4480,71
4481,64
4482,2
4483,33
4484,32
4485,79
4486,97
4487,60
4488,41
4489,84
4490,38
4491,68
4492,11
4493,87
4494,7
4495,66
4496,65
4497,77
4498,67
4499,9
4500,83
4501,81
4502,78
4503,6
4504,30
4505,1
4506,57
4507,70
4508,74
4509,97
4510,29
4511,44
4512,33
4513,51
4514,58
4515,8
4516,14
4517,92
4518,60
4519,44
4520,52
4521,79
4522,36
4523,82
4524,73
4525,58
4526,74
4527,40
4528,71
4529,60
4530,99
4531,45
4532,62
4533,19
4534,10
4535,42
4536,69
4537,43
4538,26
4539,11
4540,78
4541,99
4542,34
4543,18
4544,82
4545,49
4546,12
4547,5
4548,67
4549,81
4550,50
4551,59
4552,41
4553,65
4554,15
4555,62
4556,25
4557,59
4558,61
4559,31
4560,13
4561,88
4562,96
4563,8
4564,21
4565,72
4566,67
4567,46
4568,19
4569,74
4570,18
4571,34
4572,18
4573,12
4574,11
4575,64
4576,44
4577,62
4578,70
4579,96
4580,3
4581,11
4582,35
4583,82
4584,25
4585,77
4586,4
4587,12
4588,50
4589,58
4590,24
4591,92
4592,8
4593,56
4594,74
4595,88
4596,34
4597,57
4598,95
4599,48
4600,34
4601,44
4602,2
4603,62
4604,68
4605,38
4606,44
4607,91
4608,83
4609,89
4610,19
4611,12
4612,9
4613,9
4614,83
4615,11
4616,25
4617,12
4618,47
4619,13
4620,57
4621,76
4622,58
4623,2
4624,96
4625,85
4626,94
4627,47
4628,25
4629,49
4630,62
4631,36
4632,31
4633,39
4634,39
4635,78
4636,26
4637,70
4638,93
4639,78
4640,11
4641,42
4642,88
4643,79
4644,85
4645,86
4646,80
4647,7
4648,3
4649,18
4650,63
4651,41
4652,46
4653,38
4654,3
4655,44
4656,85
4657,60
4658,29
4659,43
4660,39
4661,16
4662,16
4663,81
4664,63
4665,24
4666,76
4667,64
4668,92
4669,46
4670,82
4671,19
4672,34
4673,31
4674,36
4675,72
4676,23
4677,69
4678,31
4679,4
4680,88
4681,6
4682,73
4683,41
4684,82
4685,3
4686,98
4687,2
4688,22
4689,42
4690,2
4691,24
4692,82
4693,16
4694,39
4695,8
4696,22
4697,22
4698,74
4699,82
4700,44
4701,98
4702,11
4703,78
4704,33
4705,16
4706,32
4707,88
4708,17
4709,4
4710,9
4711,53
4712,89
4713,24
4714,59
4715,13
4716,80
4717,93
4718,53
4719,93
4720,30
4721,87
4722,10
4723,50
4724,7
4725,41
4726,63
4727,88
4728,34
4729,29
4730,71
4731,67
4732,38
4733,20
4734,14
4735,55
4736,68
4737,37
4738,57
4739,99
4740,55
4741,73
4742,73
4743,20
4744,34
4745,87
4746,25
4747,75
4748,56
4749,38
4750,62
4751,24
4752,8
4753,86
4754,40
4755,47
4756,72
4757,64
4758,92
4759,37
4760,76
4761,2
4762,1
4763,89
4764,36
4765,96
4766,25
4767,16
4768,12
4769,16
4770,84
4771,88
4772,75
4773,5
4774,95
4775,63
4776,17
4777,90
4778,15
4779,50
4780,13
4781,98
4782,42
4783,65
4784,45
4785,4
4786,87
4787,29
4788,94
4789,39
4790,59
4791,17
4792,96
4793,44
4794,58
4795,9
4796,41
4797,75
4798,78
4799,69
4800,19
4801,14
4802,54
4803,89
4804,88
4805,70
4806,98
4807,52
4808,68
4809,8
4810,64
4811,81
4812,91
4813,24
4814,74
4815,96
4816,89
4817,33
4818,31
4819,16
4820,95
4821,39
4822,61
4823,82
4824,1
4825,45
4826,24
4827,95
4828,50
4829,72
4830,63
4831,68
4832,31
4833,74
4834,95
4835,63
4836,98
4837,86
4838,88
4839,67
4840,1
4841,57
4842,21
4843,42
4844,96
4845,48
4846,45
4847,91
4848,77
4849,95
4850,91
4851,90
4852,48
4853,62
4854,2
4855,24
4856,65
4857,87
4858,78
4859,95
4860,12
4861,56
4862,25
4863,10
4864,30
4865,57
4866,59
4867,35
4868,84
4869,21
4870,25
4871,87
4872,32
4873,18
4874,49
4875,26
4876,76
4877,40
4878,15
4879,77
4880,95
4881,5
4882,70
4883,85
4884,14
4885,8
4886,73
4887,11
4888,16
4889,86
4890,8
4891,78
4892,3
4893,94
4894,69
4895,56
4896,39
4897,53
4898,95
4899,97
4900,67
4901,57
4902,43
4903,80
4904,31
4905,11
4906,54
4907,7
4908,48
4909,79
4910,29
4911,5
4912,26
4913,11
4914,47
4915,70
4916,8
4917,73
4918,18
4919,82
4920,74
4921,5
4922,31
4923,11
4924,6
4925,63
4926,98
4927,6
4928,29
4929,50
4930,49
4931,5
4932,83
4933,7
4934,4
4935,98
4936,9
4937,55
4938,3
4939,46
4940,97
4941,17
4942,76
4943,23
4944,64
4945,70
4946,86
4947,32
4948,17
4949,47
4950,24
4951,36
4952,95
4953,89
4954,38
4955,56
4956,91
4957,46
4958,71
4959,49
4960,79
4961,77
4962,1
4963,16
4964,18
4965,61
4966,11
4967,69
4968,21
4969,67
4970,90
4971,1
4972,57
4973,46
4974,66
4975,65
4976,85
4977,66
4978,35
4979,84
4980,72
4981,50
4982,95
4983,29
4984,59
4985,26
4986,70
4987,20
4988,72
4989,44
4990,10
4991,4
4992,31
4993,27
4994,98
4995,37
4996,96
4997,44
4998,69
4999,60
5000,86
5001,73
5002,10
5003,36
5004,53
5005,7
5006,67
5007,76
5008,60
5009,85
5010,59
5011,18
5012,17
5013,32
5014,84
5015,73
5016,77
5017,66
5018,83
5019,1
5020,95
5021,35
5022,58
5023,63
5024,62
5025,31
5026,55
5027,69
5028,48
5029,74
5030,87
5031,88
5032,60
5033,30
5034,96
5035,9
5036,41
5037,70
5038,35
5039,44
5040,8
5041,14
5042,34
5043,90
5044,86
5045,8
5046,42
5047,1
5048,87
5049,27
5050,78
5051,98
5052,85
5053,72
5054,23
5055,33
5056,67
5057,72
5058,36
5059,32
5060,44
5061,43
5062,52
5063,20
5064,92
5065,15
5066,44
5067,62
5068,31
5069,70
5070,41
5071,68
5072,38
5073,13
5074,41
5075,71
5076,57
5077,72
5078,94
5079,7
5080,27
5081,63
5082,55
5083,37
5084,69
5085,83
5086,69
5087,86
5088,41
5089,71
5090,72
5091,47
5092,51
5093,93
5094,48
5095,12
5096,25
5097,48
5098,15
5099,15
5100,24
5101,27
5102,31
5103,61
5104,80
5105,3
5106,81
5107,29
5108,24
5109,46
5110,62
5111,63
5112,53
5113,40
5114,26
5115,59
5116,92
5117,81
5118,4
5119,12
5120,36
5121,69
5122,5
5123,35
5124,77
5125,59
5126,70
5127,44
5128,55
5129,52
5130,77
5131,19
5132,26
5133,84
5134,61
5135,54
5136,58
5137,86
5138,22
5139,83
5140,46
5141,48
5142,48
5143,29
5144,81
5145,16
5146,9
5147,27
5148,44
5149,54
5150,60
5151,97
5152,84
5153,80
5154,4
5155,86
5156,94
5157,25
5158,83
5159,75
5160,80
5161,38
5162,90
5163,20
5164,36
5165,1
5166,89
5167,67
5168,86
5169,31
5170,99
5171,30
5172,63
5173,98
5174,25
5175,68
5176,35
5177,19
5178,15
5179,83
5180,50
5181,30
5182,60
5183,78
5184,59
5185,54
5186,21
5187,3
5188,94
5189,83
5190,56
5191,74
5192,96
5193,95
5194,21
5195,65
5196,3
5197,89
5198,74
5199,76
5200,57
5201,7
5202,68
5203,97
5204,50
5205,9
5206,53
5207,5
5208,47
5209,70
5210,62
5211,98
5212,89
5213,64
5214,91
5215,23
5216,44
5217,77
5218,6
5219,48
5220,11
5221,14
5222,43
5223,24
5224,98
5225,52
5226,71
5227,80
5228,77
5229,1
5230,47
5231,48
5232,94
5233,23
5234,68
5235,96
5236,6
5237,97
5238,9
5239,16
5240,61
5241,52
5242,32
5243,30
5244,39
5245,22
5246,67
5247,34
5248,10
5249,48
5250,97
5251,55
5252,81
5253,65
5254,7
5255,6
5256,75
5257,84
5258,12
5259,11
5260,2
5261,36
5262,5
5263,76
5264,31
5265,47
5266,82
5267,48
5268,44
5269,38
5270,25
5271,76
5272,74
5273,7
5274,11
5275,34
5276,50
5277,90
5278,44
5279,78
5280,61
5281,56
5282,54
5283,32
5284,18
5285,26
5286,11
5287,60
5288,16
5289,88
5290,60
5291,70
5292,39
5293,96
5294,99
5295,96
5296,16
5297,83
5298,36
5299,4
5300,91
5301,57
5302,40
5303,37
5304,81
5305,31
5306,71
5307,80
5308,30
5309,6
5310,2
5311,70
5312,91
5313,6
5314,15
5315,45
5316,92
5317,43
5318,34
5319,88
5320,37
5321,56
5322,11
5323,70
5324,66
5325,51
5326,16
5327,87
5328,66
5329,7
5330,97
5331,48
5332,16
5333,53
5334,40
5335,71
5336,42
5337,79
5338,31
5339,13
5340,79
5341,23
5342,30
5343,21
5344,43
5345,69
5346,56
5347,79
5348,15
5349,42
5350,59
5351,68
5352,24
5353,44
5354,36
5355,17
5356,92
5357,44
5358,40
5359,75
5360,92
5361,19
5362,10
5363,26
5364,72
5365,86
5366,52
5367,37
5368,20
5369,89
5370,55
5371,34
5372,54
5373,60
5374,15
5375,8
5376,88
5377,94
5378,2
5379,10
5380,86
5381,67
5382,64
5383,16
5384,36
5385,81
5386,24
5387,63
5388,75
5389,24
5390,76
5391,90
5392,61
5393,56
5394,68
5395,25
5396,46
5397,88
5398,8
5399,49
5400,95
5401,20
5402,76
5403,56
5404,47
5405,88
5406,31
5407,25
5408,88
5409,32
5410,22
5411,98
5412,95
5413,37
5414,10
5415,8
5416,2
5417,76
5418,11
5419,83
5420,36
5421,44
5422,48
5423,64
5424,8
5425,60
5426,76
5427,83
5428,18
5429,13
5430,18
5431,21
5432,80
5433,76
5434,63
5435,77
5436,97
5437,83
5438,54
5439,6
5440,3
5441,9
5442,76
5443,52
5444,64
5445,18
5446,77
5447,99
5448,2
5449,89
5450,67
5451,17
5452,98
5453,14
5454,75
5455,3
5456,43
5457,56
5458,90
5459,22
5460,92
5461,31
5462,29
5463,8
5464,36
5465,57
5466,38
5467,55
5468,70
5469,47
5470,6
5471,30
5472,84
5473,24
5474,73
5475,29
5476,98
5477,77
5478,27
5479,93
5480,73
5481,81
5482,91
5483,4
5484,31
5485,49
5486,6
5487,53
5488,78
5489,48
5490,81
5491,62
5492,7
5493,74
5494,90
5495,63
5496,88
5497,57
5498,38
5499,58
5500,86
5501,22
5502,15
5503,30
5504,36
5505,24
5506,20
5507,52
5508,65
5509,52
5510,77
5511,49
5512,9
5513,41
5514,48
5515,5
5516,8
5517,19
5518,63
5519,38
5520,65
5521,7
5522,67
5523,16
5524,88
5525,67
5526,7
5527,34
5528,17
5529,38
5530,83
5531,82
5532,39
5533,99
5534,73
5535,97
5536,96
5537,53
5538,48
5539,4
5540,30
5541,67
5542,38
5543,28
5544,35
5545,53
5546,32
5547,91
5548,53
5549,44
5550,42
5551,23
5552,34
5553,77
5554,8
5555,39
5556,55
5557,46
5558,48
5559,60
5560,22
5561,52
5562,11
5563,47
5564,97
5565,85
5566,10
5567,69
5568,97
5569,13
5570,80
5571,4
5572,76
5573,15
5574,60
5575,46
5576,65
5577,35
5578,99
5579,12
5580,10
5581,96
5582,30
5583,46
5584,4
5585,1
5586,41
5587,97
5588,25
5589,49
5590,35
5591,21
5592,26
5593,69
5594,91
5595,74
5596,83
5597,51
5598,90
5599,77
5600,18
5601,73
5602,20
5603,70
5604,80
5605,42
5606,61
5607,6
5608,6
5609,33
5610,28
5611,16
5612,17
5613,65
5614,75
5615,8
5616,20
5617,17
5618,90
5619,46
5620,60
5621,69
5622,82
5623,58
5624,29
5625,22
5626,65
5627,51
5628,79
5629,68
5630,39
5631,7
5632,62
5633,47
5634,48
5635,51
5636,21
5637,34
5638,97
5639,36
5640,50
5641,31
5642,16
5643,16
5644,51
5645,45
5646,41
5647,4
5648,76
5649,96
5650,67
5651,56
5652,34
5653,9
5654,73
5655,74
5656,24
5657,68
5658,85
5659,19
5660,91
5661,51
5662,14
5663,97
5664,67
5665,78
5666,55
5667,20
5668,79
5669,93
5670,20
5671,85
5672,14
5673,85
5674,88
5675,77
5676,29
5677,33
5678,39
5679,20
5680,55
5681,90
5682,72
5683,16
5684,21
5685,12
5686,48
5687,12
5688,5
5689,38
5690,97
5691,19
5692,93
5693,36
5694,64
5695,13
5696,90
5697,67
5698,55
5699,78
5700,56
5701,21
5702,88
5703,91
5704,80
5705,18
5706,50
5707,45
5708,36
5709,14
5710,33
5711,50
5712,13
5713,53
5714,56
5715,85
5716,63
5717,83
5718,47
5719,57
5720,7
5721,40
5722,97
5723,9
5724,67
5725,43
5726,23
5727,16
5728,46
5729,40
5730,25
5731,99
5732,8
5733,59
5734,85
5735,66
5736,52
5737,27
5738,89
5739,3
5740,6
5741,53
5742,56
5743,23
5744,81
5745,1
5746,84
5747,13
5748,83
5749,69
5750,85
5751,3
5752,56
5753,65
5754,32
5755,42
5756,12
5757,31
5758,63
5759,76
5760,62
5761,87
5762,92
5763,53
5764,19
5765,22
5766,74
5767,22
5768,78
5769,91
5770,63
5771,20
5772,92
5773,41
5774,74
5775,39
5776,91
5777,34
5778,67
5779,81
5780,10
5781,96
5782,44
5783,5
5784,25
5785,81
5786,56
5787,59
5788,7
5789,48
5790,7
5791,40
5792,15
5793,81
5794,63
5795,29
5796,38
5797,56
5798,62
5799,71
5800,26
5801,29
5802,81
5803,7
5804,66
5805,6
5806,99
5807,78
5808,72
5809,36
5810,84
5811,45
5812,76
5813,62
5814,89
5815,26
5816,32
5817,61
5818,14
5819,99
5820,93
5821,7
5822,87
5823,23
5824,81
5825,18
5826,78
5827,17
5828,10
5829,53
5830,98
5831,96
5832,76
5833,20
5834,87
5835,22
5836,11
5837,20
5838,76
5839,9
5840,37
5841,67
5842,15
5843,6
5844,39
5845,86
5846,65
5847,89
5848,98
5849,59
5850,19
5851,37
5852,23
5853,83
5854,90
5855,66
5856,75
5857,95
5858,35
5859,28
5860,50
5861,47
5862,60
5863,78
5864,89
5865,18
5866,69
5867,35
5868,52
5869,51
5870,33
5871,90
5872,93
5873,19
5874,61
5875,92
5876,36
5877,92
5878,73
5879,14
5880,10
5881,82
5882,80
5883,46
5884,81
5885,11
5886,63
5887,18
5888,60
5889,21
5890,1
5891,71
5892,32
5893,91
5894,76
5895,64
5896,68
5897,72
5898,26
5899,86
5900,35
5901,23
5902,90
5903,69
5904,69
5905,59
5906,87
5907,80
5908,42
5909,81
5910,29
5911,68
5912,76
5913,55
5914,91
5915,70
5916,41
5917,61
5918,3
5919,30
5920,30
5921,83
5922,30
5923,14
5924,39
5925,28
5926,46
5927,14
5928,77
5929,47
5930,73
5931,79
5932,73
5933,11
5934,17
5935,91
5936,48
5937,51
5938,26
5939,43
5940,71
5941,60
5942,22
5943,24
5944,49
5945,74
5946,35
5947,33
5948,89
5949,16
5950,87
5951,13
5952,16
5953,87
5954,36
5955,59
5956,73
5957,38
5958,29
5959,2
5960,39
5961,68
5962,58
5963,79
5964,30
5965,85
5966,45
5967,59
5968,97
5969,97
5970,80
5971,51
5972,76
5973,89
5974,81
5975,76
5976,51
5977,14
5978,79
5979,72
5980,58
5981,80
5982,35
5983,66
5984,66
5985,51
5986,55
5987,16
5988,92
5989,66
5990,5
5991,43
5992,47
5993,86
5994,3
5995,88
5996,48
5997,18
5998,34
5999,18
6000,8
6001,89
6002,59
6003,31
6004,96
6005,62
6006,54
6007,25
6008,22
6009,62
6010,71
6011,72
6012,38
6013,69
6014,38
6015,99
6016,84
6017,96
6018,85
6019,75
6020,66
6021,61
6022,20
6023,50
6024,35
6025,66
6026,92
6027,27
6028,61
6029,64
6030,76
6031,12
6032,60
6033,1
6034,29
6035,15
6036,71
6037,14
6038,47
6039,8
6040,82
6041,21
6042,72
6043,55
6044,19
6045,44
6046,38
6047,48
6048,81
6049,51
6050,96
6051,96
6052,22
6053,80
6054,89
6055,42
6056,88
6057,61
6058,51
6059,78
6060,7
6061,77
6062,71
6063,37
6064,70
6065,11
6066,37
6067,81
6068,6
6069,82
6070,62
6071,43
6072,84
6073,30
6074,20
6075,7
6076,86
6077,90
6078,75
6079,97
6080,85
6081,6
6082,42
6083,15
6084,11
6085,48
6086,48
6087,57
6088,84
6089,2
6090,1
6091,28
6092,24
6093,64
6094,96
6095,53
6096,27
6097,92
6098,34
6099,7
6100,38
6101,33
6102,90
6103,72
6104,73
6105,40
6106,91
6107,73
6108,6
6109,80
6110,40
6111,92
6112,83
6113,3
6114,5
6115,20
6116,11
6117,4
6118,68
6119,74
6120,77
6121,58
6122,18
6123,5
6124,78
6125,86
6126,4
6127,49
6128,81
6129,51
6130,45
6131,73
6132,11
6133,24
6134,45
6135,34
6136,80
6137,16
6138,91
6139,63
6140,58
6141,48
6142,4
6143,11
6144,71
6145,70
6146,2
6147,65
6148,6
6149,3
6150,41
6151,42
6152,13
6153,44
6154,62
6155,39
6156,39
6157,33
6158,19
6159,11
6160,88
6161,7
6162,74
6163,2
6164,78
6165,21
6166,73
6167,58
6168,44
6169,20
6170,60
6171,49
6172,39
6173,65
6174,72
6175,1
6176,14
6177,5
6178,61
6179,95
6180,96
6181,87
6182,78
6183,8
6184,25
6185,91
6186,78
6187,63
6188,89
6189,9
6190,11
6191,32
6192,85
6193,73
6194,69
6195,19
6196,33
6197,37
6198,19
6199,59
6200,6
6201,25
6202,65
6203,45
6204,68
6205,51
6206,28
6207,90
6208,70
6209,70
6210,40
6211,2
6212,90
6213,76
6214,80
6215,83
6216,10
6217,76
6218,99
6219,42
6220,26
6221,47
6222,48
6223,65
6224,5
6225,7
6226,59
6227,37
6228,27
6229,21
6230,45
6231,53
6232,58
6233,60
6234,33
6235,89
6236,10
6237,56
6238,69
6239,29
6240,14
6241,4
6242,25
6243,11
6244,77
6245,38
6246,5
6247,31
6248,82
6249,72
6250,70
6251,83
6252,71
6253,94
6254,59
6255,36
6256,20
6257,95
6258,33
6259,20
6260,82
6261,47
6262,72
6263,99
6264,7
6265,74
6266,34
6267,94
6268,62
6269,17
6270,3
6271,76
6272,24
6273,34
6274,65
6275,23
6276,49
6277,93
6278,20
6279,86
6280,58
6281,52
6282,47
6283,61
6284,66
6285,4
6286,66
6287,50
6288,21
6289,74
6290,60
6291,13
6292,98
6293,16
6294,43
6295,87
6296,51
6297,32
6298,96
6299,24
6300,57
6301,76
6302,99
6303,29
6304,68
6305,66
6306,53
6307,90
6308,57
6309,85
6310,47
6311,56
6312,34
6313,79
6314,18
6315,66
6316,47
6317,66
6318,58
6319,99
6320,6
6321,52
6322,51
6323,88
6324,21
6325,83
6326,50
6327,7
6328,79
6329,76
6330,72
6331,16
6332,74
6333,35
6334,61
6335,20
6336,1
6337,73
6338,37
6339,49
6340,14
6341,69
6342,31
6343,17
6344,4
6345,11
6346,53
6347,95
6348,11
6349,68
6350,65
6351,34
6352,84
6353,71
6354,36
6355,12
6356,47
6357,82
6358,13
6359,91
6360,21
6361,91
6362,47
6363,30
6364,81
6365,31
6366,89
6367,54
6368,57
6369,67
6370,33
6371,74
6372,51
6373,47
6374,82
6375,37
6376,53
6377,10
6378,33
6379,62
6380,77
6381,76
6382,58
6383,71
6384,70
6385,93
6386,76
6387,95
6388,12
6389,10
6390,10
6391,94
6392,49
6393,99
6394,46
6395,50
6396,39
6397,19
6398,18
6399,15
6400,58
6401,33
6402,38
6403,38
6404,58
6405,44
6406,83
6407,57
6408,23
6409,11
6410,8
6411,84
6412,67
6413,13
6414,82
6415,24
6416,29
6417,76
6418,70
6419,70
6420,45
6421,27
6422,19
6423,90
6424,30
6425,91
6426,8
6427,19
6428,56
6429,66
6430,85
6431,45
6432,69
6433,4
6434,32
6435,17
6436,80
6437,75
6438,16
6439,62
6440,97
6441,40
6442,28
6443,63
6444,56
6445,66
6446,20
6447,99
6448,41
6449,33
6450,94
6451,20
6452,65
6453,57
6454,32
6455,23
6456,81
6457,13
6458,45
6459,41
6460,41
6461,79
6462,66
6463,46
6464,85
6465,49
6466,6
6467,70
6468,31
6469,17
6470,13
6471,79
6472,70
6473,46
6474,99
6475,35
6476,20
6477,53
6478,95
6479,37
6480,59
6481,9
6482,91
6483,94
6484,7
6485,53
6486,59
6487,60
6488,24
6489,52
6490,91
6491,78
6492,34
6493,33
6494,46
6495,34
6496,18
6497,23
6498,2
6499,77
6500,54
6501,45
6502,36
6503,64
6504,46
6505,76
6506,85
6507,22
6508,82
6509,11
6510,68
6511,97
6512,7
6513,48
6514,50
6515,26
6516,14
6517,84
6518,75
6519,96
6520,30
6521,37
6522,64
6523,15
6524,38
6525,89
6526,8
6527,52
6528,12
6529,79
6530,55
6531,97
6532,62
6533,34
6534,65
6535,71
6536,6
6537,2
6538,18
6539,62
6540,30
6541,56
6542,91
6543,18
6544,58
6545,64
6546,42
6547,7
6548,23
6549,39
6550,3
6551,12
6552,68
6553,63
6554,97
6555,8
6556,27
6557,58
6558,33
6559,4
6560,62
6561,19
6562,30
6563,37
6564,48
6565,68
6566,61
6567,61
6568,5
6569,69
6570,42
6571,74
6572,56
6573,88
6574,66
6575,40
6576,99
6577,90
6578,34
6579,70
6580,9
6581,60
6582,70
6583,13
6584,22
6585,7
6586,13
6587,11
6588,1
6589,40
6590,80
6591,71
6592,74
6593,75
6594,92
6595,62
6596,46
6597,70
6598,26
6599,70
6600,55
6601,31
6602,99
6603,32
6604,92
6605,57
6606,76
6607,41
6608,20
6609,72
6610,12
6611,11
6612,7
6613,20
6614,37
6615,39
6616,13
6617,95
6618,32
6619,11
6620,6
6621,82
6622,45
6623,84
6624,54
6625,79
6626,64
6627,56
6628,85
6629,74
6630,46
6631,19
6632,53
6633,46
6634,37
6635,78
6636,24
6637,7
6638,26
6639,9
6640,14
6641,50
6642,22
6643,69
6644,66
6645,37
6646,89
6647,24
6648,55
6649,11
6650,84
6651,65
6652,80
6653,97
6654,85
6655,93
6656,56
6657,70
6658,91
6659,27
6660,71
6661,59
6662,95
6663,11
6664,22
6665,1
6666,89
6667,20
6668,73
6669,18
6670,88
6671,8
6672,8
6673,3
6674,53
6675,72
6676,21
6677,80
6678,37
6679,50
6680,82
6681,82
6682,69
6683,75
6684,34
6685,71
6686,51
6687,28
6688,62
6689,59
6690,23
6691,93
6692,85
6693,53
6694,87
6695,29
6696,20
6697,21
6698,86
6699,70
6700,26
6701,32
6702,34
6703,59
6704,73
6705,39
6706,71
6707,70
6708,5
6709,93
6710,21
6711,65
6712,41
6713,8
6714,70
6715,1
6716,49
6717,46
6718,23
6719,79
6720,77
6721,47
6722,35
6723,3
6724,76
6725,50
6726,29
6727,41
6728,39
6729,15
6730,30
6731,55
6732,21
6733,39
6734,60
6735,72
6736,48
6737,38
6738,44
6739,55
6740,81
6741,73
6742,17
6743,23
6744,33
6745,8
6746,68
6747,49
6748,90
6749,66
6750,98
6751,3
6752,36
6753,57
6754,56
6755,21
6756,5
6757,23
6758,3
6759,6
6760,98
6761,9
6762,73
6763,53
6764,74
6765,1
6766,70
6767,94
6768,34
6769,9
6770,98
6771,9
6772,14
6773,50
6774,43
6775,34
6776,70
6777,6
6778,5
6779,91
6780,84
6781,9
6782,77
6783,92
6784,52
6785,73
6786,62
6787,44
6788,92
6789,98
6790,38
6791,68
6792,92
6793,89
6794,62
6795,73
6796,34
6797,84
6798,82
6799,3
6800,87
6801,86
6802,27
6803,75
6804,14
6805,52
6806,98
6807,3
6808,94
6809,99
6810,47
6811,19
6812,12
6813,16
6814,44
6815,30
6816,98
6817,10
6818,29
6819,55
6820,8
6821,26
6822,65
6823,57
6824,59
6825,37
6826,16
6827,3
6828,25
6829,79
6830,62
6831,81
6832,56
6833,14
6834,17
6835,71
6836,18
6837,28
6838,54
6839,79
6840,41
6841,99
6842,72
6843,11
6844,6
6845,96
6846,43
6847,20
6848,15
6849,32
6850,66
6851,73
6852,67
6853,77
6854,64
6855,12
6856,25
6857,18
6858,61
6859,18
6860,95
6861,56
6862,56
6863,28
6864,31
6865,76
6866,6
6867,19
6868,48
6869,40
6870,15
6871,45
6872,68
6873,28
6874,55
6875,23
6876,93
6877,6
6878,3
6879,56
6880,21
6881,46
6882,88
6883,53
6884,52
6885,1
6886,10
6887,97
6888,32
6889,5
6890,66
6891,83
6892,4
6893,25
6894,94
6895,66
6896,76
6897,77
6898,63
6899,93
6900,16
6901,76
6902,28
6903,54
6904,27
6905,59
6906,71
6907,94
6908,10
6909,6
6910,15
6911,26
6912,13
6913,32
6914,53
6915,7
6916,73
6917,98
6918,27
6919,53
6920,94
6921,96
6922,11
6923,61
6924,58
6925,34
6926,39
6927,69
6928,23
6929,17
6930,8
6931,80
6932,60
6933,90
6934,42
6935,52
6936,18
6937,85
6938,93
6939,43
6940,53
6941,79
6942,30
6943,61
6944,96
6945,50
6946,9
6947,97
6948,14
6949,54
6950,45
6951,98
6952,31
6953,79
6954,27
6955,84
6956,13
6957,74
6958,39
6959,49
6960,86
6961,14
6962,38
6963,30
6964,77
6965,27
6966,1
6967,53
6968,78
6969,96
6970,45
6971,91
6972,27
6973,73
6974,17
6975,40
6976,87
6977,11
6978,91
6979,25
6980,55
6981,96
6982,11
6983,72
6984,67
6985,54
6986,70
6987,94
6988,72
6989,50
6990,38
6991,57
6992,51
6993,81
6994,17
6995,67
6996,46
6997,78
6998,62
6999,5
7000,36
7001,14
7002,2
7003,35
7004,25
7005,16
7006,59
7007,74
7008,12
7009,86
7010,11
7011,64
7012,62
7013,28
7014,84
7015,55
7016,29
7017,66
7018,77
7019,62
7020,11
7021,40
7022,91
7023,19
7024,97
7025,47
7026,73
7027,85
7028,67
7029,43
7030,79
7031,97
7032,37
7033,46
7034,56
7035,17
7036,14
7037,79
7038,50
7039,8
7040,65
7041,5
7042,48
7043,27
7044,23
7045,92
7046,65
7047,43
7048,66
7049,67
7050,78
7051,98
7052,64
7053,14
7054,73
7055,23
7056,69
7057,32
7058,31
7059,14
7060,34
7061,50
7062,57
7063,18
7064,19
7065,86
7066,19
7067,8
7068,17
7069,59
7070,98
7071,44
7072,97
7073,31
7074,14
7075,87
7076,7
7077,50
7078,19
7079,23
7080,45
7081,45
7082,88
7083,95
7084,94
7085,35
7086,51
7087,50
7088,68
7089,48
7090,3
7091,78
7092,62
7093,2
7094,54
7095,17
7096,27
7097,10
7098,1
7099,32
7100,14
7101,76
7102,81
7103,58
7104,75
7105,3
7106,3
7107,17
7108,96
7109,40
7110,87
7111,34
7112,22
7113,49
7114,41
7115,21
7116,61
7117,62
7118,91
7119,58
7120,84
7121,23
7122,32
7123,33
7124,68
7125,91
7126,7
7127,23
7128,20
7129,92
7130,29
7131,26
7132,37
7133,77
7134,5
7135,44
7136,15
7137,1
7138,59
7139,93
7140,15
7141,63
7142,7
7143,25
7144,63
7145,19
7146,48
7147,43
7148,71
7149,29
7150,6
7151,16
7152,90
7153,95
7154,29
7155,98
7156,52
7157,68
7158,97
7159,46
7160,41
7161,16
7162,79
7163,2
7164,54
7165,27
7166,25
7167,57
7168,78
7169,54
7170,12
7171,3
7172,24
7173,96
7174,16
7175,21
7176,19
7177,47
7178,58
7179,71
7180,4
7181,23
7182,76
7183,68
7184,82
7185,49
7186,77
7187,63
7188,76
7189,72
7190,73
7191,14
7192,38
7193,64
7194,20
7195,14
7196,93
7197,62
7198,56
7199,34
7200,60
7201,10
7202,77
7203,68
7204,72
7205,11
7206,9
7207,48
7208,59
7209,53
7210,2
7211,25
7212,15
7213,31
7214,78
7215,54
7216,3
7217,66
7218,32
7219,53
7220,56
7221,31
7222,59
7223,48
7224,36
7225,79
7226,22
7227,83
7228,36
7229,40
7230,13
7231,42
7232,24
7233,99
7234,33
7235,88
7236,67
7237,65
7238,17
7239,69
7240,76
7241,57
7242,21
7243,68
7244,19
7245,90
7246,85
7247,59
7248,22
7249,93
7250,68
7251,19
7252,58
7253,41
7254,46
7255,4
7256,50
7257,50
7258,86
7259,66
7260,32
7261,68
7262,81
7263,40
7264,28
7265,59
7266,2
7267,6
7268,61
7269,90
7270,81
7271,91
7272,88
7273,7
7274,83
7275,45
7276,1
7277,36
7278,41
7279,1
7280,49
7281,52
7282,77
7283,35
7284,50
7285,45
7286,18
7287,23
7288,9
7289,47
7290,40
7291,96
7292,91
7293,89
7294,38
7295,48
7296,47
7297,61
7298,18
7299,72
7300,41
7301,52
7302,12
7303,31
7304,13
7305,93
7306,70
7307,93
7308,35
7309,91
7310,38
7311,86
7312,41
7313,71
7314,63
7315,91
7316,20
7317,16
7318,36
7319,77
7320,62
7321,28
7322,1
7323,73
7324,93
7325,30
7326,8
7327,76
7328,68
7329,69
7330,75
7331,51
7332,53
7333,81
7334,59
7335,17
7336,80
7337,31
7338,26
7339,16
7340,53
7341,24
7342,74
7343,11
7344,34
7345,40
7346,20
7347,11
7348,90
7349,60
7350,79
7351,57
7352,20
7353,9
7354,36
7355,82
7356,60
7357,79
7358,70
7359,69
7360,26
7361,53
7362,50
7363,51
7364,38
7365,10
7366,26
7367,45
7368,96
7369,7
7370,70
7371,27
7372,65
7373,73
7374,34
7375,99
7376,27
7377,92
7378,52
7379,84
7380,30
7381,66
7382,36
7383,20
7384,30
7385,97
7386,16
7387,95
7388,83
7389,50
7390,76
7391,7
7392,80
7393,80
7394,2
7395,87
7396,23
7397,22
7398,34
7399,45
7400,34
7401,76
7402,96
7403,50
7404,95
7405,30
7406,73
7407,62
7408,20
7409,57
7410,98
7411,53
7412,62
7413,53
7414,74
7415,41
7416,94
7417,57
7418,11
7419,42
7420,41
7421,48
7422,92
7423,16
7424,21
7425,86
7426,80
7427,87
7428,23
7429,31
7430,8
7431,74
7432,47
7433,83
7434,5
7435,75
7436,38
7437,13
7438,56
7439,80
7440,55
7441,38
7442,3
7443,21
7444,43
7445,33
7446,47
7447,54
7448,14
7449,21
7450,13
7451,75
7452,47
7453,93
7454,77
7455,38
7456,59
7457,41
7458,36
7459,64
7460,14
7461,36
7462,20
7463,63
7464,78
7465,52
7466,96
7467,59
7468,63
7469,58
7470,94
7471,92
7472,44
7473,81
7474,77
7475,99
7476,20
7477,92
7478,40
7479,12
7480,3
7481,50
7482,49
7483,85
7484,50
7485,65
7486,36
7487,67
7488,82
7489,65
7490,40
7491,98
7492,73
7493,22
7494,60
7495,84
7496,47
7497,20
7498,35
7499,92
7500,5
7501,56
7502,17
7503,67
7504,73
7505,37
7506,41
7507,14
7508,29
7509,91
7510,83
7511,2
7512,38
7513,58
7514,59
7515,18
7516,98
7517,16
7518,94
7519,22
7520,69
7521,76
7522,71
7523,85
7524,67
7525,27
7526,17
7527,10
7528,6
7529,46
7530,7
7531,86
7532,73
7533,36
7534,11
7535,96
7536,12
7537,56
7538,79
7539,34
7540,21
7541,80
7542,86
7543,59
7544,72
7545,53
7546,2
7547,94
7548,25
7549,66
7550,3
7551,65
7552,52
7553,13
7554,23
7555,43
7556,65
7557,5
7558,94
7559,15
7560,16
7561,73
7562,39
7563,62
7564,33
7565,68
7566,42
7567,26
7568,12
7569,80
7570,86
7571,21
7572,60
7573,43
7574,67
7575,31
7576,45
7577,16
7578,14
7579,24
7580,39
7581,29
7582,73
7583,8
7584,65
7585,33
7586,78
7587,38
7588,65
7589,18
7590,29
7591,26
7592,92
7593,96
7594,31
7595,39
7596,4
7597,66
7598,89
7599,32
7600,11
7601,5
7602,54
7603,16
7604,20
7605,68
7606,56
7607,53
7608,88
7609,42
7610,69
7611,79
7612,38
7613,49
7614,21
7615,79
7616,73
7617,25
7618,72
7619,46
7620,59
7621,43
7622,10
7623,24
7624,29
7625,88
7626,39
7627,11
7628,58
7629,97
7630,76
7631,30
7632,12
7633,20
7634,81
7635,4
7636,38
7637,29
7638,72
7639,79
7640,7
7641,86
7642,10
7643,53
7644,20
7645,10
7646,50
7647,69
7648,11
7649,63
7650,46
7651,11
7652,66
7653,81
7654,28
7655,65
7656,92
7657,35
7658,21
7659,27
7660,1
7661,48
7662,89
7663,2
7664,93
7665,8
7666,92
7667,46
7668,72
7669,14
7670,66
7671,1
7672,71
7673,88
7674,52
7675,15
7676,45
7677,60
7678,3
7679,29
7680,29
7681,85
7682,84
7683,55
7684,11
7685,83
7686,13
7687,4
7688,56
7689,98
7690,31
7691,52
7692,34
7693,28
7694,39
7695,14
7696,50
7697,16
7698,31
7699,8
7700,75
7701,61
7702,64
7703,38
7704,74
7705,63
7706,46
7707,30
7708,39
7709,91
7710,20
7711,29
7712,31
7713,67
7714,58
7715,15
7716,13
7717,14
7718,9
7719,34
7720,85
7721,7
7722,52
7723,47
7724,30
7725,86
7726,27
7727,6
7728,75
7729,22
7730,57
7731,27
7732,41
7733,3
7734,23
7735,32
7736,33
7737,99
7738,61
7739,68
7740,11
7741,95
7742,65
7743,69
7744,88
7745,3
7746,2
7747,98
7748,34
7749,87
7750,47
7751,55
7752,56
7753,63
7754,4
7755,45
7756,39
7757,68
7758,97
7759,74
7760,23
7761,71
7762,82
7763,35
7764,71
7765,8
7766,93
7767,59
7768,37
7769,30
7770,57
7771,35
7772,22
7773,54
7774,48
7775,11
7776,17
7777,61
7778,21
7779,54
7780,13
7781,26
7782,50
7783,68
7784,16
7785,95
7786,56
7787,95
7788,72
7789,48
7790,3
7791,3
7792,30
7793,82
7794,90
7795,23
7796,96
7797,6
7798,18
7799,74
7800,21
7801,10
7802,34
7803,99
7804,57
7805,70
7806,12
7807,87
7808,94
7809,1
7810,61
7811,46
7812,97
7813,4
7814,74
7815,39
7816,70
7817,38
7818,3
7819,42
7820,43
7821,54
7822,34
7823,31
7824,72
7825,62
7826,37
7827,71
7828,96
7829,17
7830,68
7831,27
7832,80
7833,54
7834,57
7835,76
7836,84
7837,95
7838,19
7839,33
7840,65
7841,89
7842,33
7843,43
7844,93
7845,25
7846,67
7847,64
7848,15
7849,11
7850,56
7851,62
7852,45
7853,6
7854,73
7855,43
7856,50
7857,12
7858,22
7859,29
7860,96
7861,21
7862,72
7863,6
7864,52
7865,92
7866,14
7867,16
7868,57
7869,96
7870,52
7871,74
7872,63
7873,94
7874,44
7875,63
7876,56
7877,95
7878,93
7879,83
7880,14
7881,13
7882,98
7883,7
7884,17
7885,20
7886,19
7887,67
7888,11
7889,39
7890,42
7891,63
7892,68
7893,65
7894,83
7895,79
7896,93
7897,73
7898,75
7899,70
7900,89
7901,38
7902,62
7903,44
7904,85
7905,43
7906,12
7907,92
7908,45
7909,57
7910,15
7911,4
7912,81
7913,48
7914,74
7915,36
7916,1
7917,17
7918,78
7919,52
7920,50
7921,49
7922,58
7923,29
7924,82
7925,50
7926,3
7927,49
7928,54
7929,70
7930,85
7931,19
7932,90
7933,81
7934,44
7935,86
7936,77
7937,62
7938,6
7939,14
7940,5
7941,80
7942,98
7943,64
7944,42
7945,16
7946,15
7947,59
7948,15
7949,10
7950,41
7951,98
7952,36
7953,80
7954,66
7955,55
7956,18
7957,35
7958,61
7959,15
7960,21
7961,43
7962,39
7963,85
7964,38
7965,62
7966,62
7967,42
7968,68
7969,97
7970,98
7971,91
7972,49
7973,70
7974,98
7975,76
7976,38
7977,36
7978,13
7979,38
7980,99
7981,1
7982,55
7983,58
7984,73
7985,50
7986,94
7987,53
7988,3
7989,44
7990,95
7991,5
7992,99
7993,15
7994,83
7995,21
7996,39
7997,62
7998,77
7999,91
8000,10
8001,10
8002,60
8003,12
8004,81
8005,82
8006,97
8007,27
8008,77
8009,25
8010,57
8011,74
8012,16
8013,9
8014,81
8015,17
8016,26
8017,62
8018,75
8019,52
8020,82
8021,16
8022,95
8023,10
8024,2
8025,94
8026,24
8027,66
8028,65
8029,67
8030,29
8031,4
8032,87
8033,83
8034,40
8035,10
8036,42
8037,1
8038,27
8039,9
8040,37
8041,12
8042,73
8043,48
8044,46
8045,2
8046,83
8047,53
8048,37
8049,19
8050,12
8051,92
8052,83
8053,93
8054,82
8055,69
8056,97
8057,92
8058,82
8059,87
8060,31
8061,62
8062,33
8063,20
8064,87
8065,98
8066,33
8067,1
8068,1
8069,14
8070,68
8071,87
8072,38
8073,42
8074,37
8075,32
8076,94
8077,46
8078,37
8079,28
8080,31
8081,69
8082,80
8083,65
8084,75
8085,16
8086,32
8087,85
8088,51
8089,78
8090,23
8091,89
8092,4
8093,15
8094,86
8095,36
8096,47
8097,86
8098,32
8099,67
8100,7
8101,93
8102,44
8103,16
8104,64
8105,27
8106,69
8107,83
8108,94
8109,34
8110,45
8111,70
8112,87
8113,74
8114,2
8115,20
8116,44
8117,79
8118,86
8119,27
8120,74
8121,53
8122,61
8123,78
8124,8
8125,34
8126,68
8127,80
8128,24
8129,30
8130,28
8131,63
8132,29
8133,88
8134,65
8135,87
8136,99
8137,60
8138,70
8139,19
8140,42
8141,53
8142,35
8143,24
8144,66
8145,15
8146,89
8147,7
8148,89
8149,3
8150,18
8151,29
8152,63
8153,87
8154,58
8155,82
8156,86
8157,97
8158,69
8159,88
8160,30
8161,17
8162,82
8163,54
8164,4
8165,38
8166,20
8167,38
8168,66
8169,81
8170,6
8171,46
8172,88
8173,42
8174,23
8175,22
8176,71
8177,56
8178,88
8179,70
8180,74
8181,25
8182,30
8183,48
8184,98
8185,13
8186,85
8187,76
8188,75
8189,9
8190,51
8191,89
8192,85
8193,45
8194,1
8195,41
8196,55
8197,59
8198,16
8199,79
8200,1
8201,97
8202,53
8203,5
8204,39
8205,47
8206,93
8207,99
8208,82
8209,56
8210,68
8211,93
8212,37
8213,73
8214,32
8215,95
8216,43
8217,15
8218,25
8219,1
8220,53
8221,97
8222,85
8223,60
8224,27
8225,15
8226,26
8227,89
8228,69
8229,72
8230,86
8231,87
8232,44
8233,85
8234,99
8235,90
8236,99
8237,34
8238,87
8239,20
8240,5
8241,30
8242,19
8243,27
8244,45
8245,41
8246,70
8247,6
8248,48
8249,76
8250,61
8251,37
8252,60
8253,32
8254,67
8255,92
8256,80
8257,3
8258,99
8259,81
8260,38
8261,99
8262,50
8263,12
8264,61
8265,30
8266,35
8267,16
8268,70
8269,68
8270,46
8271,17
8272,40
8273,13
8274,35
8275,60
8276,55
8277,49
8278,1
8279,29
8280,79
8281,88
8282,26
8283,4
8284,51
8285,13
8286,32
8287,82
8288,15
8289,32
8290,15
8291,80
8292,43
8293,84
8294,69
8295,15
8296,56
8297,16
8298,78
8299,16
8300,46
8301,29
8302,22
8303,43
8304,92
8305,74
8306,85
8307,72
8308,38
8309,16
8310,56
8311,6
8312,8
8313,76
8314,94
8315,40
8316,91
8317,46
8318,40
8319,68
8320,59
8321,21
8322,19
8323,50
8324,98
8325,21
8326,74
8327,66
8328,87
8329,89
8330,65
8331,63
8332,23
8333,21
8334,23
8335,10
8336,35
8337,97
8338,46
8339,52
8340,47
8341,55
8342,64
8343,38
8344,85
8345,92
8346,31
8347,5
8348,99
8349,33
8350,84
8351,43
8352,78
8353,40
8354,85
8355,41
8356,38
8357,37
8358,50
8359,57
8360,96
8361,9
8362,12
8363,73
8364,96
8365,74
8366,1
8367,75
8368,41
8369,7
8370,47
8371,38
8372,6
8373,16
8374,7
8375,25
8376,64
8377,65
8378,90
8379,18
8380,93
8381,48
8382,49
8383,56
8384,40
8385,8
8386,40
8387,85
8388,94
8389,9
8390,62
8391,93
8392,36
8393,54
8394,16
8395,54
8396,59
8397,72
8398,11
8399,90
8400,73
8401,32
8402,45
8403,32
8404,97
8405,60
8406,69
8407,20
8408,51
8409,83
8410,22
8411,36
8412,74
8413,6
8414,42
8415,68
8416,1
8417,86
8418,14
8419,57
8420,47
8421,36
8422,51
8423,19
8424,83
8425,43
8426,76
8427,72
8428,69
8429,38
8430,75
8431,94
8432,46
8433,53
8434,93
8435,3
8436,15
8437,34
8438,61
8439,38
8440,29
8441,97
8442,31
8443,90
8444,29
8445,47
8446,57
8447,52
8448,10
8449,82
8450,97
8451,94
8452,90
8453,30
8454,83
8455,39
8456,25
8457,58
8458,68
8459,45
8460,21
8461,14
8462,70
8463,33
8464,87
8465,83
8466,24
8467,92
8468,68
8469,29
8470,53
8471,70
8472,35
8473,67
8474,16
8475,79
8476,24
8477,49
8478,66
8479,19
8480,5
8481,87
8482,65
8483,92
8484,99
8485,45
8486,33
8487,85
8488,7
8489,40
8490,29
8491,59
8492,62
8493,26
8494,16
8495,42
8496,46
8497,30
8498,71
8499,93
8500,30
8501,43
8502,37
8503,57
8504,41
8505,49
8506,24
8507,98
8508,31
8509,9
8510,80
8511,55
8512,17
8513,93
8514,38
8515,95
8516,64
8517,71
8518,1
8519,48
8520,14
8521,56
8522,6
8523,52
8524,97
8525,16
8526,4
8527,87
8528,51
8529,3
8530,50
8531,58
8532,17
8533,85
8534,26
8535,45
8536,73
8537,12
8538,52
8539,73
8540,30
8541,78
8542,33
8543,37
8544,9
8545,90
8546,93
8547,99
8548,74
8549,20
8550,80
8551,18
8552,76
8553,81
8554,17
8555,55
8556,91
8557,11
8558,12
8559,5
8560,67
8561,77
8562,52
8563,53
8564,57
8565,11
8566,13
8567,27
8568,51
8569,88
8570,47
8571,6
8572,4
8573,82
8574,44
8575,34
8576,63
8577,39
8578,17
8579,10
8580,99
8581,60
8582,31
8583,61
8584,73
8585,65
8586,74
8587,44
8588,91
8589,17
8590,30
8591,24
8592,42
8593,52
8594,98
8595,99
8596,63
8597,94
8598,96
8599,87
8600,63
8601,22
8602,34
8603,13
8604,60
8605,91
8606,42
8607,44
8608,42
8609,72
8610,45
8611,93
8612,59
8613,38
8614,6
8615,84
8616,46
8617,32
8618,13
8619,16
8620,14
8621,90
8622,42
8623,83
8624,76
8625,18
8626,32
8627,68
8628,60
8629,51
8630,41
8631,91
8632,31
8633,96
8634,59
8635,71
8636,95
8637,88
8638,80
8639,22
8640,27
8641,81
8642,17
8643,79
8644,88
8645,28
8646,92
8647,62
8648,41
8649,41
8650,27
8651,76
8652,78
8653,87
8654,47
8655,3
8656,64
8657,69
8658,94
8659,25
8660,55
8661,59
8662,10
8663,95
8664,87
8665,11
8666,43
8667,39
8668,46
8669,4
8670,78
8671,13
8672,31
8673,97
8674,67
8675,8
8676,21
8677,73
8678,44
8679,73
8680,86
8681,89
8682,29
8683,68
8684,60
8685,51
8686,55
8687,66
8688,67
8689,56
8690,66
8691,84
8692,78
8693,57
8694,92
8695,60
8696,13
8697,17
8698,43
8699,56
8700,25
8701,64
8702,50
8703,87
8704,19
8705,76
8706,24
8707,40
8708,60
8709,33
8710,26
8711,32
8712,77
8713,65
8714,21
8715,37
8716,35
8717,57
8718,76
8719,85
8720,69
8721,4
8722,90
8723,67
8724,47
8725,48
8726,87
8727,45
8728,96
8729,90
8730,98
8731,32
8732,90
8733,90
8734,78
8735,77
8736,42
8737,98
8738,93
8739,30
8740,8
8741,70
8742,25
8743,34
8744,44
8745,93
8746,82
8747,19
8748,78
8749,82
8750,8
8751,26
8752,63
8753,29
8754,92
8755,23
8756,86
8757,22
8758,56
8759,58
8760,17
8761,40
8762,31
8763,83
8764,90
8765,17
8766,73
8767,95
8768,65
8769,1
8770,41
8771,55
8772,33
8773,68
8774,24
8775,13
8776,15
8777,63
8778,43
8779,76
8780,94
8781,9
8782,5
8783,80
8784,58
8785,74
8786,26
8787,62
8788,94
8789,91
8790,76
8791,60
8792,33
8793,63
8794,65
8795,8
8796,65
8797,56
8798,85
8799,99
8800,64
8801,84
8802,53
8803,94
8804,40
8805,81
8806,72
8807,22
8808,1
8809,56
8810,38
8811,49
8812,13
8813,59
8814,48
8815,27
8816,53
8817,79
8818,69
8819,67
8820,66
8821,95
8822,44
8823,41
8824,12
8825,49
8826,89
8827,48
8828,73
8829,57
8830,95
8831,23
8832,78
8833,18
8834,25
8835,89
8836,87
8837,89
8838,78
8839,76
8840,69
8841,57
8842,21
8843,68
8844,76
8845,17
8846,24
8847,10
8848,41
8849,82
8850,97
8851,72
8852,1
8853,54
8854,18
8855,56
8856,84
8857,99
8858,30
8859,41
8860,35
8861,55
8862,67
8863,88
8864,81
8865,27
8866,60
8867,74
8868,83
8869,47
8870,24
8871,19
8872,24
8873,20
8874,98
8875,6
8876,50
8877,38
8878,79
8879,96
8880,36
8881,61
8882,85
8883,56
8884,91
8885,31
8886,53
8887,71
8888,85
8889,50
8890,47
8891,81
8892,68
8893,69
8894,92
8895,42
8896,29
8897,91
8898,42
8899,24
8900,88
8901,5
8902,65
8903,28
8904,67
8905,31
8906,88
8907,9
8908,17
8909,19
8910,41
8911,95
8912,86
8913,1
8914,3
8915,78
8916,16
8917,68
8918,69
8919,46
8920,74
8921,49
8922,9
8923,34
8924,89
8925,43
8926,79
8927,77
8928,56
8929,82
8930,44
8931,30
8932,28
8933,36
8934,36
8935,83
8936,72
8937,81
8938,12
8939,44
8940,22
8941,45
8942,12
8943,57
8944,44
8945,17
8946,94
8947,17
8948,73
8949,88
8950,31
8951,20
8952,7
8953,40
8954,95
8955,37
8956,74
8957,4
8958,57
8959,52
8960,75
8961,50
8962,17
8963,47
8964,83
8965,2
8966,64
8967,51
8968,94
8969,79
8970,39
8971,90
8972,33
8973,27
8974,16
8975,20
8976,10
8977,18
8978,99
8979,85
8980,9
8981,12
8982,45
8983,18
8984,75
8985,93
8986,73
8987,18
8988,51
8989,90
8990,49
8991,33
8992,72
8993,65
8994,83
8995,84
8996,53
8997,1
8998,85
8999,72
9000,90
9001,33
9002,6
9003,99
9004,95
9005,97
9006,48
9007,95
9008,54
9009,19
9010,93
9011,36
9012,66
9013,38
9014,20
9015,81
9016,49
9017,74
9018,63
9019,19
9020,99
9021,81
9022,53
9023,46
9024,38
9025,26
9026,98
9027,72
9028,81
9029,64
9030,91
9031,24
9032,69
9033,98
9034,93
9035,90
9036,16
9037,1
9038,11
9039,44
9040,31
9041,97
9042,61
9043,9
9044,21
9045,18
9046,69
9047,12
9048,62
9049,32
9050,65
9051,93
9052,94
9053,76
9054,26
9055,1
9056,59
9057,96
9058,98
9059,97
9060,74
9061,4
9062,35
9063,55
9064,68
9065,32
9066,65
9067,84
9068,32
9069,22
9070,14
9071,20
9072,60
9073,39
9074,68
9075,45
9076,66
9077,29
9078,30
9079,60
9080,20
9081,40
9082,82
9083,94
9084,51
9085,73
9086,79
9087,34
9088,28
9089,27
9090,54
9091,52
9092,79
9093,42
9094,49
9095,44
9096,60
9097,7
9098,17
9099,4
9100,53
9101,98
9102,55
9103,99
9104,31
9105,53
9106,28
9107,63
9108,12
9109,82
9110,37
9111,83
9112,92
9113,24
9114,74
9115,83
9116,91
9117,49
9118,17
9119,37
9120,66
9121,53
9122,5
9123,92
9124,7
9125,35
9126,28
9127,3
9128,67
9129,62
9130,98
9131,50
9132,76
9133,9
9134,84
9135,88
9136,38
9137,27
9138,56
9139,31
9140,21
9141,59
9142,8
9143,76
9144,12
9145,1
9146,6
9147,87
9148,69
9149,99
9150,89
9151,55
9152,15
9153,74
9154,37
9155,50
9156,44
9157,35
9158,4
9159,21
9160,23
9161,35
9162,95
9163,88
9164,10
9165,37
9166,10
9167,9
9168,19
9169,46
9170,16
9171,66
9172,79
9173,38
9174,33
9175,96
9176,97
9177,14
9178,16
9179,82
9180,69
9181,17
9182,67
9183,10
9184,94
9185,80
9186,74
9187,37
9188,26
9189,21
9190,37
9191,44
9192,61
9193,94
9194,61
9195,61
9196,58
9197,99
9198,14
9199,3
9200,79
9201,55
9202,97
9203,85
9204,56
9205,43
9206,7
9207,56
9208,25
9209,31
9210,35
9211,7
9212,11
9213,62
9214,44
9215,46
9216,79
9217,60
9218,35
9219,85
9220,47
9221,36
9222,6
9223,29
9224,13
9225,28
9226,35
9227,64
9228,26
9229,28
9230,90
9231,36
9232,18
9233,81
9234,87
9235,75
9236,13
9237,62
9238,26
9239,98
9240,92
9241,10
9242,55
9243,91
9244,14
9245,30
9246,70
9247,50
9248,43
9249,14
9250,65
9251,8
9252,58
9253,30
9254,41
9255,60
9256,18
9257,64
9258,32
9259,88
9260,37
9261,68
9262,65
9263,11
9264,35
9265,72
9266,93
9267,75
9268,45
9269,29
9270,29
9271,78
9272,26
9273,18
9274,26
9275,88
9276,80
9277,5
9278,10
9279,53
9280,63
9281,5
9282,48
9283,48
9284,11
9285,85
9286,16
9287,32
9288,5
9289,24
9290,49
9291,39
9292,41
9293,3
9294,40
9295,10
9296,3
9297,47
9298,97
9299,77
9300,45
9301,52
9302,19
9303,94
9304,25
9305,80
9306,72
9307,42
9308,94
9309,29
9310,91
9311,80
9312,77
9313,4
9314,26
9315,79
9316,62
9317,13
9318,53
9319,52
9320,42
9321,16
9322,37
9323,60
9324,80
9325,1
9326,62
9327,4
9328,50
9329,29
9330,41
9331,71
9332,87
9333,48
9334,84
9335,43
9336,23
9337,90
9338,84
9339,85
9340,43
9341,6
9342,84
9343,12
9344,6
9345,89
9346,4
9347,22
9348,77
9349,14
9350,90
9351,12
9352,3
9353,74
9354,25
9355,14
9356,92
9357,46
9358,47
9359,65
9360,15
9361,84
9362,33
9363,85
9364,29
9365,44
9366,23
9367,67
9368,35
9369,1
9370,28
9371,80
9372,51
9373,62
9374,24
9375,24
9376,6
9377,2
9378,57
9379,35
9380,51
9381,95
9382,19
9383,39
9384,78
9385,12
9386,17
9387,6
9388,79
9389,85
9390,83
9391,65
9392,2
9393,3
9394,94
9395,28
9396,23
9397,95
9398,43
9399,85
9400,23
9401,35
9402,15
9403,81
9404,4
9405,36
9406,17
9407,80
9408,55
9409,97
9410,93
9411,26
9412,13
9413,71
9414,85
9415,26
9416,64
9417,51
9418,39
9419,61
9420,24
9421,63
9422,40
9423,8
9424,36
9425,35
9426,60
9427,90
9428,23
9429,46
9430,26
9431,36
9432,86
9433,56
9434,60
9435,60
9436,22
9437,25
9438,87
9439,93
9440,38
9441,8
9442,3
9443,83
9444,35
9445,35
9446,78
9447,63
9448,63
9449,82
9450,48
9451,44
9452,74
9453,95
9454,44
9455,12
9456,73
9457,82
9458,58
9459,42
9460,84
9461,20
9462,27
9463,74
9464,56
9465,8
9466,62
9467,92
9468,63
9469,15
9470,88
9471,27
9472,27
9473,20
9474,4
9475,46
9476,89
9477,17
9478,47
9479,58
9480,14
9481,7
9482,29
9483,39
9484,32
9485,64
9486,69
9487,60
9488,80
9489,55
9490,79
9491,29
9492,2
9493,6
9494,20
9495,16
9496,28
9497,32
9498,31
9499,30
9500,12
9501,19
9502,26
9503,62
9504,13
9505,80
9506,98
9507,12
9508,69
9509,93
9510,50
9511,45
9512,92
9513,86
9514,94
9515,29
9516,45
9517,35
9518,2
9519,43
9520,82
9521,3
9522,28
9523,84
9524,39
9525,80
9526,5
9527,51
9528,68
9529,50
9530,52
9531,12
9532,59
9533,21
9534,91
9535,86
9536,22
9537,74
9538,88
9539,60
9540,34
9541,43
9542,67
9543,39
9544,25
9545,13
9546,54
9547,16
9548,65
9549,51
9550,31
9551,26
9552,45
9553,96
9554,11
9555,75
9556,63
9557,81
9558,61
9559,12
9560,71
9561,1
9562,37
9563,40
9564,98
9565,3
9566,92
9567,65
9568,7
9569,90
9570,45
9571,60
9572,38
9573,41
9574,44
9575,21
9576,27
9577,48
9578,15
9579,76
9580,57
9581,44
9582,76
9583,37
9584,21
9585,79
9586,33
9587,24
9588,78
9589,13
9590,37
9591,7
9592,21
9593,90
9594,92
9595,31
9596,92
9597,91
9598,14
9599,24
9600,91
9601,3
9602,90
9603,38
9604,79
9605,46
9606,16
9607,74
9608,23
9609,78
9610,88
9611,35
9612,5
9613,32
9614,23
9615,43
9616,50
9617,52
9618,32
9619,73
9620,73
9621,38
9622,85
9623,25
9624,79
9625,51
9626,27
9627,29
9628,33
9629,25
9630,58
9631,78
9632,83
9633,38
9634,23
9635,69
9636,46
9637,54
9638,40
9639,58
9640,85
9641,80
9642,11
9643,3
9644,54
9645,45
9646,47
9647,85
9648,66
9649,72
9650,21
9651,27
9652,48
9653,5
9654,88
9655,58
9656,28
9657,12
9658,44
9659,71
9660,60
9661,1
9662,2
9663,53
9664,59
9665,80
9666,13
9667,20
9668,16
9669,88
9670,85
9671,88
9672,28
9673,91
9674,57
9675,92
9676,94
9677,7
9678,66
9679,29
9680,88
9681,6
9682,17
9683,42
9684,22
9685,95
9686,4
9687,95
9688,83
9689,48
9690,43
9691,97
9692,36
9693,93
9694,76
9695,52
9696,55
9697,58
9698,13
9699,87
9700,78
9701,33
9702,95
9703,56
9704,65
9705,76
9706,41
9707,68
9708,53
9709,93
9710,64
9711,32
9712,30
9713,84
9714,59
9715,96
9716,24
9717,82
9718,18
9719,73
9720,79
9721,35
9722,50
9723,95
9724,48
9725,95
9726,67
9727,64
9728,83
9729,3
9730,56
9731,84
9732,55
9733,55
9734,12
9735,19
9736,79
9737,45
9738,78
9739,96
9740,70
9741,42
9742,64
9743,23
9744,9
9745,61
9746,55
9747,83
9748,83
9749,98
9750,2
9751,86
9752,86
9753,35
9754,15
9755,99
9756,86
9757,36
9758,86
9759,95
9760,85
9761,46
9762,61
9763,22
9764,65
9765,44
9766,32
9767,13
9768,44
9769,82
9770,72
9771,77
9772,29
9773,15
9774,68
9775,81
9776,14
9777,82
9778,64
9779,44
9780,33
9781,62
9782,47
9783,56
9784,29
9785,89
9786,96
9787,30
9788,28
9789,84
9790,22
9791,88
9792,82
9793,10
9794,7
9795,52
9796,38
9797,17
9798,80
9799,15
9800,16
9801,96
9802,3
9803,85
9804,48
9805,13
9806,78
9807,8
9808,50
9809,39
9810,45
9811,63
9812,94
9813,35
9814,12
9815,67
9816,23
9817,65
9818,49
9819,93
9820,99
9821,15
9822,59
9823,78
9824,24
9825,29
9826,56
9827,43
9828,48
9829,43
9830,17
9831,12
9832,64
9833,89
9834,80
9835,18
9836,84
9837,92
9838,56
9839,51
9840,77
9841,38
9842,27
9843,48
9844,35
9845,33
9846,19
9847,92
9848,54
9849,39
9850,61
9851,19
9852,32
9853,20
9854,36
9855,95
9856,10
9857,40
9858,42
9859,14
9860,15
9861,11
9862,32
9863,64
9864,98
9865,75
9866,20
9867,87
9868,55
9869,84
9870,24
9871,11
9872,2
9873,32
9874,38
9875,67
9876,83
9877,15
9878,43
9879,71
9880,24
9881,45
9882,19
9883,48
9884,66
9885,1
9886,89
9887,40
9888,37
9889,77
9890,35
9891,85
9892,63
9893,53
9894,15
9895,20
9896,44
9897,66
9898,39
9899,21
9900,16
9901,78
9902,73
9903,82
9904,91
9905,72
9906,54
9907,33
9908,35
9909,27
9910,43
9911,3
9912,74
9913,28
9914,14
9915,31
9916,73
9917,79
9918,67
9919,22
9920,2
9921,36
9922,4
9923,74
9924,53
9925,39
9926,31
9927,16
9928,62
9929,65
9930,27
9931,90
9932,31
9933,49
9934,13
9935,65
9936,37
9937,50
9938,64
9939,68
9940,55
9941,34
9942,38
9943,87
9944,5
9945,69
9946,69
9947,99
9948,30
9949,35
9950,2
9951,44
9952,70
9953,80
9954,17
9955,51
9956,33
9957,66
9958,79
9959,12
9960,92
9961,31
9962,55
9963,6
9964,82
9965,37
9966,50
9967,26
9968,46
9969,10
9970,49
9971,26
9972,19
9973,76
9974,30
9975,5
9976,44
9977,1
9978,84
9979,54
9980,7
9981,90
9982,74
9983,56
9984,47
9985,41
9986,35
9987,21
9988,54
9989,4
9990,57
9991,41
9992,27
9993,1
9994,72
9995,17
9996,76
9997,41
9998,20
9999,46
